customer_id,plan,industry,seats,monthly_fee,login_days_30,support_tickets_30,discount_pct,training_completed,duration_days,churn_observed
S00001,Pro,Manufacturing,5,84.3,15,2,30,1,296,0
S00002,Pro,Manufacturing,4,89.26,16,1,20,1,91,1
S00003,Basic,Manufacturing,1,47.33,11,4,0,0,69,1
S00004,Basic,SaaS,3,60.42,8,2,0,0,128,1
S00005,Basic,Manufacturing,5,70.91,4,2,0,0,62,1
S00006,Basic,SaaS,2,47.86,6,0,5,0,261,0
S00007,Pro,Healthcare,2,71.85,23,0,0,1,259,0
S00008,Pro,Healthcare,4,84.54,16,0,0,1,46,1
S00009,Pro,Retail,5,82.37,9,2,0,1,86,1
S00010,Basic,Retail,4,67.86,8,1,0,0,1,1
S00011,Pro,Healthcare,8,119.4,11,1,0,1,14,1
S00012,Pro,Retail,3,81.9,14,1,5,1,259,0
S00013,Pro,SaaS,5,83.61,18,0,20,1,273,0
S00014,Basic,Healthcare,1,46.89,9,0,0,1,137,1
S00015,Pro,Retail,5,81.75,10,0,0,0,234,0
S00016,Enterprise,Healthcare,3,196.23,13,1,5,1,174,0
S00017,Basic,Manufacturing,4,56.32,5,4,0,0,4,1
S00018,Basic,Retail,2,47.64,8,2,20,0,323,0
S00019,Pro,Healthcare,5,88.9,18,1,0,1,233,0
S00020,Pro,Healthcare,8,111.44,12,0,20,0,177,0
S00021,Pro,Manufacturing,14,168.15,10,1,20,1,187,0
S00022,Basic,SaaS,2,47.39,9,4,5,0,117,1
S00023,Pro,Retail,3,80.4,14,1,10,0,188,0
S00024,Basic,Manufacturing,2,51.73,6,1,0,1,234,1
S00025,Enterprise,Manufacturing,9,230.23,12,1,5,1,160,0
S00026,Pro,Manufacturing,3,74.01,14,0,0,0,139,1
S00027,Pro,Healthcare,6,113.34,13,0,20,0,304,1
S00028,Pro,Healthcare,4,80.69,10,1,20,1,337,0
S00029,Basic,Retail,2,56.38,5,0,5,1,340,1
S00030,Basic,SaaS,15,156.74,5,1,0,0,230,1
S00031,Basic,SaaS,4,63.99,3,1,10,1,98,1
S00032,Basic,SaaS,7,83.31,5,3,5,1,68,1
S00033,Pro,Retail,3,88.92,10,1,0,0,134,1
S00034,Pro,Retail,7,124.23,12,1,0,0,18,1
S00035,Pro,SaaS,9,130.82,18,2,0,0,365,0
S00036,Pro,Manufacturing,1,70.29,10,0,0,0,154,0
S00037,Pro,SaaS,6,95.45,8,1,20,1,332,0
S00038,Pro,Retail,3,75.59,16,2,0,1,230,0
S00039,Enterprise,Healthcare,8,214.8,11,2,10,0,197,1
S00040,Pro,Healthcare,4,86.79,16,0,0,1,176,0
S00041,Pro,Manufacturing,3,86.22,15,0,0,0,146,1
S00042,Basic,Manufacturing,2,57.39,9,2,0,1,238,1
S00043,Pro,Retail,2,72.9,13,0,5,1,339,0
S00044,Basic,Manufacturing,7,104.28,8,1,10,0,114,1
S00045,Basic,Retail,5,78.63,6,0,10,0,186,1
S00046,Pro,Manufacturing,5,87.24,16,0,5,0,133,1
S00047,Pro,Healthcare,3,86.79,14,2,5,0,173,1
S00048,Basic,SaaS,2,53.26,5,0,10,0,215,0
S00049,Pro,Manufacturing,3,76.38,16,0,0,0,61,1
S00050,Pro,SaaS,5,105.99,14,1,0,1,257,0
S00051,Pro,Healthcare,3,82.78,11,0,5,1,322,1
S00052,Pro,Retail,7,98.79,13,1,10,1,215,0
S00053,Basic,Retail,3,52.06,10,1,20,0,195,1
S00054,Basic,SaaS,2,52.62,2,1,20,0,97,1
S00055,Basic,SaaS,11,127.21,9,5,0,0,51,1
S00056,Basic,Retail,5,77.01,4,1,5,1,160,1
S00057,Basic,Healthcare,1,45.85,5,0,5,1,134,1
S00058,Pro,Healthcare,4,82.53,12,1,30,1,163,0
S00059,Enterprise,Retail,8,249.44,18,2,0,1,265,0
S00060,Pro,Manufacturing,9,129.64,11,0,10,0,302,1
S00061,Basic,SaaS,1,47.85,3,5,0,0,35,1
S00062,Pro,Retail,14,138.25,12,0,10,1,324,0
S00063,Basic,Healthcare,6,68.43,3,1,0,0,28,1
S00064,Pro,Retail,2,78.3,9,0,20,0,219,0
S00065,Basic,Manufacturing,8,81.67,7,5,5,1,89,1
S00066,Enterprise,Healthcare,9,235.61,14,0,20,0,243,0
S00067,Pro,Retail,4,88.03,13,1,20,1,182,0
S00068,Basic,Retail,4,71.53,4,1,0,1,13,1
S00069,Basic,SaaS,3,67.2,7,2,0,1,197,0
S00070,Basic,Manufacturing,10,115.86,5,2,20,0,22,1
S00071,Pro,SaaS,5,106.55,8,1,5,1,214,0
S00072,Basic,Manufacturing,1,45.09,5,0,0,0,156,1
S00073,Basic,SaaS,4,67.57,7,2,0,0,232,0
S00074,Basic,Retail,4,76.1,6,4,5,0,50,1
S00075,Pro,Healthcare,4,80.03,9,1,10,1,220,0
S00076,Basic,Healthcare,3,66.29,10,0,0,0,297,0
S00077,Pro,SaaS,6,86.36,9,1,10,1,171,0
S00078,Pro,Healthcare,3,77.0,10,2,0,1,69,1
S00079,Basic,SaaS,4,58.87,3,1,0,1,213,0
S00080,Pro,Healthcare,5,100.0,8,0,5,1,196,0
S00081,Pro,Manufacturing,4,77.01,11,1,10,1,167,1
S00082,Basic,Healthcare,2,47.19,4,2,10,0,189,1
S00083,Pro,Healthcare,3,83.2,14,2,0,1,301,0
S00084,Pro,Healthcare,7,127.31,13,2,5,1,65,1
S00085,Enterprise,SaaS,7,209.85,9,0,20,1,346,0
S00086,Pro,Healthcare,5,81.97,10,0,5,1,266,1
S00087,Basic,Healthcare,1,45.47,12,3,0,1,65,1
S00088,Pro,Healthcare,5,107.22,14,0,0,0,23,1
S00089,Pro,Manufacturing,9,128.42,16,2,0,1,193,0
S00090,Pro,Retail,3,82.78,8,4,0,1,280,0
S00091,Basic,Healthcare,5,82.27,11,1,10,0,31,1
S00092,Basic,Retail,1,43.36,9,1,0,1,193,1
S00093,Pro,Retail,5,89.51,13,2,20,0,259,1
S00094,Basic,Manufacturing,8,109.47,10,1,5,0,133,1
S00095,Pro,Manufacturing,7,92.97,15,1,5,1,220,0
S00096,Pro,Retail,3,88.46,14,2,0,0,12,1
S00097,Basic,Healthcare,3,54.87,10,3,0,0,71,1
S00098,Basic,Healthcare,2,54.17,8,2,5,1,320,0
S00099,Pro,Healthcare,7,95.81,9,2,0,1,166,1
S00100,Pro,SaaS,3,77.8,13,1,0,1,11,1
S00101,Basic,Healthcare,1,44.07,9,1,30,1,225,0
S00102,Pro,Manufacturing,2,69.42,12,0,0,0,261,0
S00103,Pro,Healthcare,9,132.09,11,1,0,0,158,0
S00104,Basic,Healthcare,3,57.72,8,2,20,1,174,0
S00105,Basic,Healthcare,2,55.35,6,1,20,1,160,0
S00106,Enterprise,Healthcare,9,224.17,16,0,0,1,150,0
S00107,Basic,SaaS,1,47.24,5,1,30,0,263,0
S00108,Pro,SaaS,8,111.63,20,0,5,1,215,0
S00109,Basic,Retail,4,70.66,12,1,5,0,14,1
S00110,Basic,Healthcare,3,64.79,9,3,0,0,29,1
S00111,Basic,Healthcare,3,66.82,10,2,0,0,90,1
S00112,Basic,SaaS,3,55.67,3,1,5,0,171,0
S00113,Pro,Manufacturing,3,85.34,15,1,20,1,155,0
S00114,Basic,Healthcare,4,57.36,7,3,5,0,194,1
S00115,Enterprise,Retail,5,209.02,18,0,20,0,239,0
S00116,Basic,SaaS,4,61.28,8,0,0,0,140,1
S00117,Basic,Manufacturing,6,67.44,5,2,5,1,309,1
S00118,Basic,Healthcare,5,74.57,8,1,0,0,194,0
S00119,Pro,Manufacturing,3,74.15,14,0,20,1,347,0
S00120,Basic,Retail,6,71.02,6,4,10,0,44,1
S00121,Basic,Manufacturing,3,51.85,5,1,0,0,149,1
S00122,Basic,Retail,2,48.26,6,1,0,0,19,1
S00123,Basic,Manufacturing,4,69.75,9,2,0,0,117,1
S00124,Enterprise,Retail,4,195.7,15,1,5,1,172,0
S00125,Basic,Healthcare,3,62.76,9,3,10,0,25,1
S00126,Enterprise,Manufacturing,19,323.67,9,1,20,0,328,0
S00127,Basic,Healthcare,6,72.12,4,0,0,1,119,1
S00128,Pro,Retail,8,116.51,10,1,10,1,183,1
S00129,Enterprise,Manufacturing,6,203.27,15,0,5,1,230,0
S00130,Pro,Retail,2,70.64,10,0,20,1,61,1
S00131,Enterprise,Manufacturing,7,244.49,17,1,0,1,167,0
S00132,Basic,Retail,2,49.33,7,2,0,0,284,0
S00133,Enterprise,Manufacturing,5,225.46,13,0,0,1,227,0
S00134,Basic,SaaS,2,56.08,16,4,0,1,271,0
S00135,Basic,Retail,3,61.06,4,4,5,1,342,1
S00136,Basic,Healthcare,3,63.03,7,2,0,1,50,1
S00137,Basic,SaaS,2,51.98,6,2,5,1,21,1
S00138,Basic,Healthcare,2,52.19,8,2,5,0,45,1
S00139,Pro,SaaS,6,96.77,17,0,20,0,259,0
S00140,Basic,Manufacturing,9,119.26,12,3,5,1,181,0
S00141,Enterprise,SaaS,8,243.44,15,1,0,1,135,1
S00142,Basic,Retail,4,75.89,10,1,5,1,252,1
S00143,Basic,Retail,5,70.59,2,2,10,0,20,1
S00144,Pro,SaaS,5,94.27,8,0,10,0,18,1
S00145,Pro,Manufacturing,4,77.96,7,1,5,0,335,0
S00146,Basic,SaaS,2,49.89,7,1,10,0,55,1
S00147,Enterprise,SaaS,12,242.76,10,1,10,1,217,1
S00148,Basic,Manufacturing,3,61.54,8,1,0,0,29,1
S00149,Enterprise,Manufacturing,3,200.5,13,1,20,1,200,0
S00150,Basic,Healthcare,3,53.05,8,1,0,0,73,1
S00151,Enterprise,Healthcare,10,223.76,8,0,0,1,123,1
S00152,Pro,SaaS,2,75.26,9,3,0,1,35,1
S00153,Pro,Healthcare,5,91.37,6,1,0,0,237,0
S00154,Pro,Manufacturing,7,118.88,14,1,30,1,203,0
S00155,Basic,Healthcare,4,75.87,2,2,10,0,131,1
S00156,Basic,Healthcare,2,52.39,7,0,10,0,308,0
S00157,Basic,Manufacturing,4,67.76,12,2,30,0,8,1
S00158,Basic,Manufacturing,7,102.96,5,2,0,1,133,1
S00159,Basic,SaaS,3,58.43,8,0,0,0,200,0
S00160,Pro,Manufacturing,2,72.66,6,1,5,0,263,0
S00161,Basic,SaaS,4,57.21,7,2,0,0,316,1
S00162,Pro,Healthcare,6,93.38,16,1,20,0,103,1
S00163,Pro,SaaS,3,81.55,14,0,10,1,359,0
S00164,Basic,SaaS,2,54.07,6,1,0,0,20,1
S00165,Pro,Healthcare,7,107.13,12,1,0,1,205,1
S00166,Basic,Manufacturing,3,52.73,5,0,0,0,269,0
S00167,Basic,Retail,3,67.0,4,0,0,1,193,0
S00168,Basic,Retail,4,76.73,9,1,0,1,42,1
S00169,Basic,SaaS,6,72.46,8,3,0,1,35,1
S00170,Pro,Retail,3,84.0,16,1,20,1,255,1
S00171,Basic,SaaS,3,57.75,8,2,0,1,264,0
S00172,Basic,Manufacturing,2,52.66,12,2,10,0,119,1
S00173,Pro,Manufacturing,8,111.95,14,0,0,1,324,0
S00174,Basic,Manufacturing,5,82.35,5,0,0,0,72,1
S00175,Basic,Manufacturing,3,58.82,8,3,0,0,64,1
S00176,Pro,Manufacturing,3,76.06,8,1,0,0,201,1
S00177,Pro,Manufacturing,2,70.55,11,1,0,1,302,0
S00178,Pro,SaaS,5,102.67,10,1,10,0,95,1
S00179,Enterprise,Healthcare,6,232.71,15,2,30,1,253,0
S00180,Basic,Healthcare,5,70.14,4,5,0,1,39,1
S00181,Basic,Healthcare,11,139.79,7,0,30,0,282,1
S00182,Enterprise,Healthcare,5,219.39,13,2,0,1,182,1
S00183,Basic,Healthcare,4,75.93,9,3,10,0,32,1
S00184,Basic,Manufacturing,3,67.49,3,1,5,1,3,1
S00185,Basic,Manufacturing,6,65.27,2,1,0,0,193,0
S00186,Enterprise,SaaS,5,210.83,13,0,10,0,356,0
S00187,Enterprise,SaaS,12,261.05,10,2,20,0,241,0
S00188,Enterprise,SaaS,9,244.85,11,1,5,0,146,1
S00189,Enterprise,Manufacturing,8,240.56,14,2,20,1,298,0
S00190,Pro,Retail,2,75.35,16,1,5,0,272,0
S00191,Basic,SaaS,3,57.77,10,2,5,1,175,0
S00192,Pro,Manufacturing,4,83.36,20,0,20,1,48,1
S00193,Pro,SaaS,5,104.03,18,0,5,1,170,0
S00194,Pro,Manufacturing,3,83.6,12,1,20,0,364,0
S00195,Pro,Manufacturing,3,84.62,8,1,20,0,3,1
S00196,Pro,SaaS,17,148.32,13,4,0,1,163,0
S00197,Basic,Healthcare,3,61.96,5,2,0,1,289,0
S00198,Pro,Retail,7,108.7,9,1,10,0,29,1
S00199,Pro,Retail,5,98.49,11,0,20,1,232,0
S00200,Enterprise,Retail,10,248.65,10,0,0,0,325,0
S00201,Pro,Manufacturing,2,72.09,14,1,0,1,8,1
S00202,Enterprise,Healthcare,3,206.11,19,1,5,0,185,0
S00203,Basic,Healthcare,1,43.61,5,2,0,0,19,1
S00204,Pro,SaaS,4,87.83,12,0,0,0,312,0
S00205,Enterprise,Manufacturing,6,211.36,20,0,20,1,312,0
S00206,Enterprise,Healthcare,11,235.98,13,1,5,0,229,0
S00207,Pro,Healthcare,2,74.12,11,1,0,0,240,0
S00208,Pro,Healthcare,4,86.09,9,1,0,1,53,1
S00209,Basic,Manufacturing,1,44.18,11,2,0,1,80,1
S00210,Pro,SaaS,3,78.38,12,0,0,1,209,1
S00211,Basic,Manufacturing,2,53.06,7,0,5,1,62,1
S00212,Enterprise,SaaS,8,253.79,20,0,20,0,221,0
S00213,Basic,Healthcare,2,47.55,9,0,10,0,154,0
S00214,Basic,Manufacturing,4,59.56,8,1,10,1,185,0
S00215,Pro,SaaS,5,89.78,9,0,0,1,254,0
S00216,Pro,SaaS,4,85.16,16,1,5,1,195,1
S00217,Enterprise,Manufacturing,10,228.36,10,1,0,1,309,0
S00218,Basic,SaaS,6,73.72,6,1,20,1,288,0
S00219,Pro,Retail,5,81.83,8,1,10,0,286,0
S00220,Pro,Retail,3,87.88,11,0,0,0,208,0
S00221,Basic,SaaS,4,68.78,5,3,0,1,194,0
S00222,Basic,SaaS,10,132.62,2,1,10,1,222,0
S00223,Basic,SaaS,1,44.59,9,1,20,1,293,0
S00224,Pro,Retail,2,78.01,11,2,10,0,212,0
S00225,Pro,Healthcare,4,86.06,21,1,10,1,156,0
S00226,Basic,Manufacturing,3,55.24,5,1,20,0,197,1
S00227,Pro,Healthcare,5,103.32,15,1,0,1,280,0
S00228,Basic,Manufacturing,4,57.16,2,0,0,0,100,1
S00229,Enterprise,Retail,5,219.18,7,0,10,1,196,0
S00230,Basic,SaaS,1,47.85,11,3,10,1,58,1
S00231,Basic,SaaS,5,85.12,9,1,5,1,289,0
S00232,Pro,Healthcare,4,83.84,12,0,10,0,247,1
S00233,Basic,Retail,2,54.74,2,0,0,1,109,1
S00234,Basic,Retail,5,73.08,5,3,5,1,37,1
S00235,Basic,Healthcare,12,131.14,3,4,10,0,78,1
S00236,Pro,Manufacturing,4,97.47,12,0,0,1,66,1
S00237,Pro,Manufacturing,3,78.55,10,0,10,0,71,1
S00238,Enterprise,Retail,6,212.44,9,1,20,0,299,0
S00239,Pro,SaaS,3,78.23,17,2,20,0,187,0
S00240,Pro,SaaS,8,126.8,10,1,5,0,64,1
S00241,Enterprise,Manufacturing,16,304.66,12,1,0,1,102,1
S00242,Enterprise,Retail,8,250.87,12,1,0,1,228,0
S00243,Basic,Healthcare,3,67.43,8,0,0,0,35,1
S00244,Enterprise,Retail,16,246.69,14,0,0,0,34,1
S00245,Basic,Retail,5,68.91,5,1,10,1,156,0
S00246,Basic,Manufacturing,2,51.11,10,0,10,1,364,0
S00247,Basic,Retail,5,82.71,9,1,0,0,57,1
S00248,Basic,Retail,7,78.2,7,2,0,0,37,1
S00249,Basic,Retail,4,69.3,7,2,0,1,278,1
S00250,Pro,Manufacturing,2,77.88,10,2,10,0,118,1
S00251,Pro,Retail,6,96.74,12,1,0,0,314,0
S00252,Basic,Manufacturing,2,53.14,11,3,0,0,54,1
S00253,Basic,Manufacturing,3,57.9,7,2,30,0,175,0
S00254,Enterprise,Manufacturing,18,271.39,12,0,10,1,228,0
S00255,Basic,Healthcare,2,49.25,4,1,5,1,214,0
S00256,Enterprise,Retail,7,212.67,18,0,0,1,51,1
S00257,Basic,Healthcare,5,82.9,6,2,0,0,21,1
S00258,Enterprise,SaaS,2,194.69,16,4,5,0,296,0
S00259,Basic,SaaS,5,70.75,4,6,0,1,43,1
S00260,Basic,Manufacturing,5,70.64,5,0,20,1,220,0
S00261,Basic,Manufacturing,2,53.46,14,0,5,0,195,1
S00262,Pro,Healthcare,4,88.88,7,0,0,0,255,0
S00263,Basic,Healthcare,3,60.2,9,0,20,1,273,0
S00264,Pro,Manufacturing,3,84.53,12,0,5,1,131,1
S00265,Pro,Manufacturing,5,98.04,14,0,0,0,216,0
S00266,Pro,Manufacturing,4,96.4,6,0,0,1,206,1
S00267,Enterprise,Manufacturing,5,201.02,17,1,10,1,159,0
S00268,Basic,Healthcare,6,91.38,6,3,0,1,29,1
S00269,Basic,Retail,3,66.71,4,1,0,1,49,1
S00270,Basic,Healthcare,5,79.37,4,1,0,0,186,0
S00271,Pro,Healthcare,1,67.22,9,2,20,0,186,0
S00272,Pro,SaaS,5,85.31,11,0,0,0,346,0
S00273,Basic,Retail,4,75.85,6,1,10,0,175,1
S00274,Basic,Manufacturing,3,63.35,5,1,0,1,184,0
S00275,Enterprise,Manufacturing,4,196.33,11,1,20,0,282,0
S00276,Basic,Retail,3,56.16,8,1,10,1,222,0
S00277,Basic,Retail,4,61.74,8,2,0,0,22,1
S00278,Basic,Manufacturing,3,53.42,6,1,0,0,167,1
S00279,Enterprise,Retail,12,232.61,14,0,0,1,309,0
S00280,Pro,Manufacturing,6,93.82,13,0,5,0,188,0
S00281,Pro,SaaS,3,75.86,16,4,0,1,201,0
S00282,Basic,Retail,1,44.25,11,4,30,0,3,1
S00283,Pro,SaaS,3,87.59,12,0,30,1,333,0
S00284,Basic,Healthcare,3,51.28,4,2,0,0,2,1
S00285,Pro,Healthcare,2,79.1,11,0,0,1,287,1
S00286,Enterprise,SaaS,4,214.13,10,2,10,0,306,0
S00287,Basic,Manufacturing,6,63.32,8,2,0,0,303,0
S00288,Basic,SaaS,1,48.03,11,2,5,1,13,1
S00289,Basic,Retail,3,56.59,6,2,0,1,160,1
S00290,Pro,Manufacturing,6,89.37,11,2,0,1,107,1
S00291,Pro,Healthcare,6,103.41,13,1,0,1,212,0
S00292,Basic,Healthcare,11,124.87,5,1,0,1,75,1
S00293,Basic,Healthcare,2,56.25,6,3,0,0,131,1
S00294,Pro,Manufacturing,18,207.8,18,1,0,1,297,0
S00295,Pro,SaaS,3,79.59,12,2,0,1,241,0
S00296,Enterprise,SaaS,6,226.67,22,2,0,1,276,0
S00297,Basic,SaaS,4,75.19,7,2,0,0,99,1
S00298,Basic,Retail,4,58.49,4,0,20,0,114,1
S00299,Basic,Retail,11,109.73,2,2,0,0,39,1
S00300,Enterprise,SaaS,5,207.29,14,1,0,1,173,0
S00301,Pro,Retail,2,75.32,15,0,30,0,210,1
S00302,Basic,SaaS,4,57.61,9,0,0,1,264,0
S00303,Enterprise,Healthcare,5,209.69,16,0,0,1,166,0
S00304,Pro,Retail,4,79.01,11,2,5,0,186,0
S00305,Basic,Retail,3,66.15,5,2,0,1,197,0
S00306,Pro,Retail,3,76.27,15,1,30,0,153,0
S00307,Basic,Retail,2,55.68,6,3,10,0,127,1
S00308,Basic,Healthcare,1,46.09,9,0,5,1,6,1
S00309,Pro,Retail,4,78.44,17,1,0,1,337,0
S00310,Pro,Healthcare,2,78.77,11,1,0,0,3,1
S00311,Pro,SaaS,5,105.93,14,0,20,0,207,0
S00312,Pro,Healthcare,4,95.76,10,0,20,0,258,0
S00313,Basic,Healthcare,4,65.38,9,3,0,1,57,1
S00314,Basic,Retail,3,59.79,4,4,0,0,38,1
S00315,Pro,Healthcare,2,79.6,10,0,0,1,300,0
S00316,Enterprise,SaaS,5,207.59,13,1,10,0,327,0
S00317,Basic,Manufacturing,4,56.01,10,1,0,1,178,1
S00318,Basic,Retail,8,111.35,6,4,10,1,266,1
S00319,Pro,Healthcare,2,72.19,11,0,5,0,274,1
S00320,Basic,Healthcare,6,81.52,8,0,5,1,17,1
S00321,Basic,SaaS,4,63.97,4,0,0,0,6,1
S00322,Pro,Healthcare,17,158.74,14,0,20,1,327,0
S00323,Basic,Retail,7,80.54,6,1,20,0,247,0
S00324,Pro,Retail,8,101.79,15,1,5,1,271,0
S00325,Enterprise,Manufacturing,3,198.32,16,1,0,1,227,0
S00326,Pro,Manufacturing,4,83.86,15,3,5,0,250,0
S00327,Pro,Manufacturing,3,80.22,11,0,0,0,203,0
S00328,Pro,Manufacturing,3,84.44,5,0,20,0,354,0
S00329,Basic,Healthcare,4,63.2,6,1,0,1,269,1
S00330,Basic,SaaS,5,81.95,11,1,30,0,356,0
S00331,Basic,Healthcare,3,53.17,7,2,0,0,124,1
S00332,Pro,Healthcare,11,148.45,14,1,0,1,103,1
S00333,Pro,Manufacturing,4,93.29,13,2,20,0,20,1
S00334,Pro,Manufacturing,3,75.84,12,1,0,1,165,1
S00335,Basic,Retail,2,50.25,5,2,0,0,143,1
S00336,Basic,Retail,4,74.25,3,3,20,1,174,1
S00337,Basic,SaaS,2,57.02,4,1,5,0,259,0
S00338,Basic,SaaS,5,78.1,11,1,0,1,152,0
S00339,Pro,SaaS,3,76.65,13,1,0,1,279,0
S00340,Basic,Retail,4,72.63,9,1,5,0,12,1
S00341,Basic,Healthcare,4,76.35,7,0,0,0,262,1
S00342,Pro,Manufacturing,5,81.62,5,0,20,1,285,0
S00343,Pro,Manufacturing,2,75.34,13,3,0,1,296,1
S00344,Enterprise,SaaS,6,210.29,16,1,10,1,247,0
S00345,Enterprise,SaaS,4,216.88,19,0,5,1,258,0
S00346,Basic,Manufacturing,7,69.69,5,3,0,0,42,1
S00347,Pro,Healthcare,11,153.78,10,1,5,1,97,1
S00348,Pro,Healthcare,6,112.51,13,0,5,1,213,0
S00349,Pro,Healthcare,7,123.95,12,1,0,1,104,1
S00350,Basic,Healthcare,1,47.48,3,2,20,0,330,0
S00351,Basic,Retail,6,75.58,6,2,0,0,42,1
S00352,Basic,Manufacturing,2,54.91,3,2,0,0,14,1
S00353,Pro,Manufacturing,4,78.4,16,2,5,1,308,0
S00354,Pro,Retail,3,83.68,16,1,0,0,112,1
S00355,Pro,Retail,5,95.87,19,1,20,1,55,1
S00356,Pro,Healthcare,9,127.33,14,1,10,1,361,0
S00357,Pro,Retail,10,102.85,13,0,5,0,337,0
S00358,Basic,SaaS,6,67.76,3,1,20,0,128,1
S00359,Basic,Healthcare,4,71.51,10,1,30,0,287,1
S00360,Basic,Manufacturing,2,50.24,4,1,10,0,54,1
S00361,Enterprise,Manufacturing,14,271.15,10,0,0,1,273,0
S00362,Pro,Retail,6,110.62,13,3,5,1,185,0
S00363,Pro,Manufacturing,1,69.68,20,1,0,1,142,1
S00364,Pro,SaaS,6,96.22,16,1,5,0,306,0
S00365,Basic,Healthcare,1,45.54,9,4,5,0,96,1
S00366,Pro,SaaS,3,73.94,14,0,0,1,338,0
S00367,Basic,Manufacturing,5,68.87,6,0,0,0,6,1
S00368,Basic,SaaS,9,110.08,9,3,0,1,36,1
S00369,Pro,SaaS,12,124.91,8,0,0,0,305,0
S00370,Basic,Healthcare,5,62.5,7,0,10,0,89,1
S00371,Basic,Healthcare,4,63.46,3,4,5,0,8,1
S00372,Basic,Healthcare,5,76.23,9,0,5,0,298,0
S00373,Enterprise,Manufacturing,6,211.83,13,0,10,0,341,0
S00374,Basic,Healthcare,2,53.37,3,2,0,1,87,1
S00375,Basic,Retail,2,51.59,5,1,10,0,56,1
S00376,Pro,Manufacturing,4,91.22,17,0,0,1,309,0
S00377,Pro,Healthcare,3,88.72,9,1,5,1,237,0
S00378,Pro,Healthcare,1,69.88,9,0,5,0,56,1
S00379,Basic,Manufacturing,3,53.71,8,0,10,0,57,1
S00380,Enterprise,Retail,5,220.99,12,1,10,0,5,1
S00381,Pro,Manufacturing,8,105.92,15,0,20,1,360,0
S00382,Enterprise,Retail,10,225.56,16,0,0,1,305,0
S00383,Pro,Manufacturing,4,97.6,9,0,0,1,341,0
S00384,Enterprise,Retail,4,209.45,16,2,20,0,332,0
S00385,Pro,Retail,2,75.18,11,0,5,1,307,0
S00386,Pro,SaaS,4,80.25,10,1,0,0,344,0
S00387,Enterprise,Healthcare,18,317.5,10,3,0,1,317,0
S00388,Basic,SaaS,2,56.13,3,2,0,0,228,0
S00389,Basic,Retail,2,51.49,6,2,10,0,49,1
S00390,Basic,SaaS,5,70.48,4,0,0,0,95,1
S00391,Enterprise,Manufacturing,6,220.22,18,3,0,0,296,0
S00392,Basic,Retail,6,82.84,7,3,20,0,52,1
S00393,Basic,SaaS,5,68.37,6,2,5,0,45,1
S00394,Basic,Manufacturing,4,75.95,7,3,0,0,12,1
S00395,Pro,Manufacturing,2,78.12,11,3,0,1,125,1
S00396,Basic,Retail,3,56.83,8,2,20,1,180,0
S00397,Pro,Healthcare,3,82.17,20,0,0,1,321,0
S00398,Pro,Manufacturing,3,73.56,11,3,0,0,135,1
S00399,Enterprise,Retail,4,214.45,13,0,0,1,234,0
S00400,Enterprise,Healthcare,3,194.84,8,1,5,1,332,0
S00401,Basic,Healthcare,4,76.6,7,0,10,0,234,1
S00402,Pro,Healthcare,9,128.99,12,3,0,0,23,1
S00403,Basic,Manufacturing,3,55.33,8,0,30,1,33,1
S00404,Pro,SaaS,3,88.69,14,1,0,1,149,1
S00405,Pro,SaaS,3,75.3,12,3,30,1,223,1
S00406,Basic,SaaS,2,48.01,10,4,10,1,56,1
S00407,Basic,Manufacturing,1,46.24,10,0,5,0,171,0
S00408,Basic,SaaS,4,76.34,6,1,0,1,305,1
S00409,Basic,SaaS,5,60.1,6,1,0,0,11,1
S00410,Basic,Manufacturing,4,76.77,8,3,0,1,254,0
S00411,Pro,Healthcare,4,87.62,21,0,20,0,365,0
S00412,Enterprise,Healthcare,23,327.06,13,1,5,1,163,0
S00413,Basic,Manufacturing,4,59.45,5,1,10,0,159,1
S00414,Pro,Retail,4,83.87,13,2,0,1,80,1
S00415,Basic,SaaS,2,48.87,10,2,10,0,93,1
S00416,Enterprise,SaaS,8,211.93,10,0,30,1,302,0
S00417,Basic,Manufacturing,3,63.68,7,1,0,0,72,1
S00418,Enterprise,SaaS,2,194.27,10,0,0,1,174,0
S00419,Basic,Healthcare,5,85.31,4,2,0,0,69,1
S00420,Enterprise,Manufacturing,14,275.62,13,0,10,1,247,0
S00421,Pro,Retail,6,99.33,17,0,30,1,322,0
S00422,Enterprise,Manufacturing,6,221.4,12,1,0,1,72,1
S00423,Basic,Healthcare,2,52.26,8,1,0,0,172,0
S00424,Basic,Healthcare,8,83.9,6,0,5,1,174,0
S00425,Basic,Retail,4,60.28,2,1,10,1,195,0
S00426,Basic,SaaS,3,64.79,8,1,0,0,328,1
S00427,Pro,Healthcare,2,74.86,14,2,0,1,361,0
S00428,Basic,Manufacturing,9,107.1,8,1,10,0,228,0
S00429,Enterprise,Retail,8,248.63,17,1,0,1,345,0
S00430,Pro,Retail,3,76.43,9,1,0,1,266,1
S00431,Pro,Retail,6,89.19,9,1,10,1,25,1
S00432,Basic,Healthcare,2,48.91,12,1,0,0,20,1
S00433,Basic,Manufacturing,6,78.45,4,0,20,0,280,0
S00434,Basic,Manufacturing,5,80.57,5,1,0,1,140,1
S00435,Basic,Manufacturing,2,51.08,6,1,20,0,157,1
S00436,Pro,SaaS,3,78.1,16,0,20,1,244,1
S00437,Enterprise,Healthcare,5,205.24,9,1,10,0,262,0
S00438,Basic,Healthcare,3,51.68,6,1,20,1,348,0
S00439,Enterprise,SaaS,12,280.44,12,1,0,1,287,0
S00440,Pro,Retail,9,132.01,18,0,5,0,258,0
S00441,Pro,Retail,5,106.59,10,1,20,1,121,1
S00442,Pro,Healthcare,7,111.8,12,0,0,1,273,0
S00443,Enterprise,Retail,13,232.11,21,2,0,0,122,1
S00444,Basic,Retail,2,48.76,9,3,5,1,193,0
S00445,Basic,Retail,7,101.79,14,3,0,1,269,1
S00446,Basic,Retail,11,136.35,6,2,10,1,121,1
S00447,Basic,Healthcare,2,51.34,6,0,0,0,37,1
S00448,Pro,Retail,7,106.25,14,0,0,1,194,0
S00449,Enterprise,Manufacturing,4,203.43,9,0,0,1,175,1
S00450,Pro,Healthcare,9,112.97,13,1,0,1,249,0
S00451,Basic,Retail,4,69.37,9,2,20,1,15,1
S00452,Enterprise,Healthcare,3,201.14,21,2,30,0,228,0
S00453,Enterprise,Manufacturing,3,206.2,14,1,20,1,263,0
S00454,Enterprise,Healthcare,9,215.24,12,0,20,1,157,0
S00455,Basic,SaaS,2,49.97,9,1,0,0,67,1
S00456,Basic,Healthcare,3,55.47,6,2,0,0,174,0
S00457,Pro,Retail,3,74.47,12,0,20,1,298,0
S00458,Enterprise,Manufacturing,12,268.95,9,0,5,0,271,0
S00459,Basic,Retail,3,60.08,6,2,20,0,184,1
S00460,Basic,Manufacturing,2,48.14,4,1,0,0,93,1
S00461,Basic,SaaS,3,53.94,7,2,10,1,267,0
S00462,Pro,Healthcare,3,77.41,11,0,0,0,344,0
S00463,Basic,Retail,2,56.31,7,1,0,0,236,0
S00464,Pro,Retail,6,108.36,19,0,0,1,174,0
S00465,Basic,SaaS,6,73.02,8,3,10,1,175,0
S00466,Basic,Healthcare,9,78.3,7,0,0,0,253,0
S00467,Pro,SaaS,4,82.46,17,1,20,0,339,0
S00468,Pro,SaaS,3,86.27,13,0,0,0,36,1
S00469,Basic,Manufacturing,4,57.58,10,3,0,1,86,1
S00470,Basic,Healthcare,3,51.7,3,2,0,0,42,1
S00471,Pro,Manufacturing,2,73.27,10,2,10,1,199,0
S00472,Basic,Retail,7,101.43,6,3,10,1,62,1
S00473,Basic,Healthcare,3,60.2,6,1,0,0,100,1
S00474,Basic,SaaS,1,45.15,6,0,10,1,211,0
S00475,Pro,Manufacturing,8,137.0,14,0,0,1,190,0
S00476,Basic,Manufacturing,4,59.39,6,2,20,0,10,1
S00477,Pro,Manufacturing,5,99.45,8,1,0,1,44,1
S00478,Basic,Healthcare,3,51.56,6,1,20,0,86,1
S00479,Enterprise,Healthcare,6,213.0,9,3,10,0,348,0
S00480,Pro,Manufacturing,2,71.37,11,0,20,1,329,0
S00481,Basic,Manufacturing,3,52.15,6,4,5,1,66,1
S00482,Enterprise,SaaS,8,232.14,17,1,20,1,245,0
S00483,Enterprise,Manufacturing,6,207.36,15,0,20,1,296,0
S00484,Basic,Manufacturing,5,81.63,5,0,5,0,313,0
S00485,Pro,Retail,3,88.06,8,0,10,1,354,0
S00486,Enterprise,Manufacturing,5,224.42,26,2,0,0,172,1
S00487,Basic,Healthcare,1,47.91,8,2,0,1,84,1
S00488,Basic,Retail,2,48.89,8,1,0,0,38,1
S00489,Pro,Healthcare,3,73.32,10,0,0,0,297,0
S00490,Pro,Retail,8,113.13,7,1,10,0,253,0
S00491,Pro,Healthcare,8,126.36,10,0,0,0,251,0
S00492,Pro,SaaS,2,77.55,13,2,0,1,82,1
S00493,Basic,SaaS,4,65.71,4,0,0,0,151,0
S00494,Pro,SaaS,7,109.82,12,2,0,1,193,0
S00495,Enterprise,Manufacturing,5,212.74,16,1,30,1,363,0
S00496,Pro,Healthcare,6,100.27,12,0,0,1,171,0
S00497,Enterprise,Healthcare,5,205.85,10,2,20,1,184,1
S00498,Basic,Manufacturing,3,65.0,1,2,0,1,78,1
S00499,Pro,SaaS,9,112.22,15,1,5,1,152,0
S00500,Basic,Manufacturing,2,54.69,8,1,0,0,204,1
S00501,Pro,Healthcare,3,79.06,8,1,0,1,171,1
S00502,Basic,Retail,2,49.93,5,1,20,1,112,1
S00503,Pro,Retail,9,137.36,15,0,10,1,342,0
S00504,Basic,Healthcare,3,59.82,9,1,20,0,322,0
S00505,Pro,SaaS,2,76.32,11,0,20,1,319,0
S00506,Basic,Healthcare,7,68.01,8,1,20,0,300,0
S00507,Enterprise,SaaS,8,225.51,15,0,5,0,218,0
S00508,Basic,Manufacturing,3,58.47,6,1,0,0,174,0
S00509,Pro,Healthcare,3,75.95,13,0,0,1,306,0
S00510,Enterprise,SaaS,6,206.72,14,0,0,1,37,1
S00511,Basic,Healthcare,2,53.8,11,0,0,0,219,1
S00512,Pro,Manufacturing,5,93.34,14,1,5,1,162,0
S00513,Pro,SaaS,2,73.79,17,2,0,0,38,1
S00514,Basic,SaaS,8,79.56,5,1,0,1,182,1
S00515,Basic,Healthcare,2,56.73,9,0,0,0,307,0
S00516,Basic,Manufacturing,4,55.02,9,1,0,0,48,1
S00517,Basic,Manufacturing,2,52.08,7,3,0,0,145,1
S00518,Enterprise,SaaS,3,192.86,10,1,30,0,248,0
S00519,Pro,Healthcare,5,82.09,11,1,5,1,273,0
S00520,Basic,Healthcare,5,83.1,6,0,10,0,231,0
S00521,Enterprise,Manufacturing,3,196.42,20,0,5,1,199,0
S00522,Enterprise,Healthcare,4,197.28,12,0,30,1,245,0
S00523,Basic,Manufacturing,2,52.35,11,1,0,1,125,1
S00524,Basic,Retail,2,53.16,8,1,10,1,281,0
S00525,Pro,SaaS,6,86.88,15,2,20,1,232,0
S00526,Basic,Manufacturing,3,66.05,5,3,5,0,194,0
S00527,Basic,Healthcare,4,74.22,4,0,5,0,71,1
S00528,Pro,Healthcare,5,107.19,10,1,0,1,71,1
S00529,Basic,Manufacturing,2,48.46,9,2,0,1,192,0
S00530,Enterprise,Healthcare,7,235.15,11,0,0,1,199,0
S00531,Enterprise,Manufacturing,6,232.55,16,0,30,0,204,0
S00532,Pro,SaaS,4,87.86,9,0,0,1,206,0
S00533,Pro,Retail,7,115.01,6,0,5,1,78,1
S00534,Basic,Manufacturing,3,53.84,9,2,10,0,26,1
S00535,Basic,SaaS,2,57.55,6,3,0,0,209,0
S00536,Pro,Retail,2,79.5,7,2,0,1,106,1
S00537,Pro,Retail,2,69.37,11,1,5,1,256,0
S00538,Pro,Manufacturing,5,106.37,17,1,10,1,317,0
S00539,Enterprise,Retail,6,213.88,15,0,0,0,93,1
S00540,Pro,Manufacturing,2,79.82,11,0,5,1,134,1
S00541,Pro,SaaS,3,77.72,6,0,0,0,1,1
S00542,Enterprise,Manufacturing,10,244.77,18,0,5,1,173,0
S00543,Pro,Retail,2,71.42,12,0,0,1,260,0
S00544,Basic,Manufacturing,6,83.95,14,2,30,0,86,1
S00545,Enterprise,Retail,7,238.81,16,0,10,0,145,1
S00546,Pro,Healthcare,4,83.46,14,2,0,1,205,0
S00547,Pro,Healthcare,4,84.48,11,1,30,1,252,0
S00548,Pro,Healthcare,5,92.68,8,1,0,1,291,0
S00549,Pro,Manufacturing,5,87.6,10,2,0,1,271,0
S00550,Pro,Retail,7,94.43,9,0,0,0,141,1
S00551,Basic,SaaS,3,61.11,5,1,10,0,152,0
S00552,Pro,SaaS,6,111.28,9,3,10,0,54,1
S00553,Pro,Healthcare,7,105.72,13,2,20,0,253,0
S00554,Basic,Retail,3,55.29,7,0,10,1,296,0
S00555,Basic,Healthcare,4,66.16,6,3,0,1,268,0
S00556,Basic,SaaS,3,66.38,7,2,0,1,73,1
S00557,Pro,SaaS,4,84.49,6,0,0,1,155,0
S00558,Enterprise,Manufacturing,7,226.93,6,1,0,0,238,0
S00559,Enterprise,SaaS,7,221.51,15,2,5,1,64,1
S00560,Pro,Manufacturing,6,112.03,11,1,20,0,205,0
S00561,Basic,SaaS,3,51.91,9,2,0,1,58,1
S00562,Basic,Retail,5,71.72,2,2,10,0,39,1
S00563,Pro,Retail,3,81.98,15,1,0,1,158,0
S00564,Basic,Retail,4,67.8,4,2,0,1,40,1
S00565,Enterprise,SaaS,6,219.14,16,0,20,1,340,0
S00566,Enterprise,SaaS,5,202.77,18,1,0,0,301,0
S00567,Pro,Manufacturing,5,88.07,11,0,20,0,296,1
S00568,Basic,Healthcare,4,60.2,11,0,0,0,235,0
S00569,Pro,Healthcare,2,76.07,12,3,0,0,23,1
S00570,Pro,Manufacturing,3,81.29,12,1,10,0,313,0
S00571,Basic,SaaS,2,47.1,10,3,10,1,167,1
S00572,Basic,Manufacturing,3,65.88,5,1,0,0,9,1
S00573,Pro,Retail,3,73.62,14,0,0,1,240,0
S00574,Pro,Manufacturing,6,117.55,15,0,5,1,145,1
S00575,Pro,SaaS,2,73.63,10,0,0,1,231,0
S00576,Basic,SaaS,4,63.65,7,3,20,1,54,1
S00577,Pro,Retail,7,108.47,16,0,0,0,273,0
S00578,Basic,Healthcare,5,65.43,3,2,0,1,153,1
S00579,Basic,Healthcare,2,49.36,8,1,0,0,63,1
S00580,Basic,Manufacturing,2,57.72,11,0,0,0,24,1
S00581,Pro,Retail,3,86.5,15,1,20,0,201,0
S00582,Enterprise,SaaS,4,196.91,15,1,10,0,297,0
S00583,Basic,Manufacturing,2,54.35,9,0,5,1,262,0
S00584,Enterprise,SaaS,6,233.36,13,1,5,1,214,0
S00585,Enterprise,SaaS,2,194.3,16,2,5,1,172,0
S00586,Basic,Healthcare,4,62.84,9,3,10,0,96,1
S00587,Basic,Healthcare,1,44.38,9,1,30,0,154,1
S00588,Enterprise,Retail,7,237.35,12,1,10,1,16,1
S00589,Basic,Healthcare,5,66.44,9,1,0,1,225,0
S00590,Enterprise,Healthcare,15,276.51,17,1,10,1,339,0
S00591,Pro,Healthcare,5,85.64,10,0,0,0,187,0
S00592,Pro,Retail,3,82.15,15,0,0,0,355,0
S00593,Pro,Retail,4,88.9,13,2,20,1,195,0
S00594,Basic,SaaS,7,95.13,8,4,10,0,60,1
S00595,Basic,Healthcare,2,47.07,3,1,5,0,1,1
S00596,Basic,SaaS,11,106.78,8,2,5,0,104,1
S00597,Pro,Manufacturing,3,83.89,13,1,0,1,258,0
S00598,Basic,Healthcare,7,73.76,9,1,10,0,20,1
S00599,Pro,SaaS,1,68.44,15,1,0,1,187,0
S00600,Basic,Retail,6,94.81,6,4,20,1,286,1
S00601,Pro,Retail,3,85.64,15,1,0,1,284,0
S00602,Pro,Manufacturing,3,83.77,8,0,0,1,203,0
S00603,Basic,Manufacturing,4,56.85,3,1,20,0,35,1
S00604,Enterprise,Healthcare,7,242.58,17,2,0,1,174,0
S00605,Pro,Retail,3,76.74,12,2,0,0,151,0
S00606,Enterprise,Manufacturing,3,206.1,10,0,0,1,289,0
S00607,Pro,SaaS,3,78.62,13,5,0,1,256,0
S00608,Pro,Healthcare,4,87.35,11,1,10,0,237,0
S00609,Enterprise,Retail,9,224.09,12,1,0,1,164,0
S00610,Pro,Retail,5,82.28,4,0,10,1,231,0
S00611,Enterprise,Retail,10,235.19,20,0,10,1,347,0
S00612,Pro,Retail,2,74.3,12,1,5,1,171,1
S00613,Basic,Retail,2,50.91,10,2,5,1,284,1
S00614,Enterprise,Retail,6,221.29,9,0,0,1,249,0
S00615,Basic,SaaS,12,96.78,5,0,10,1,319,0
S00616,Basic,SaaS,5,80.51,5,1,0,0,31,1
S00617,Basic,Manufacturing,4,63.45,6,0,0,0,362,0
S00618,Pro,Healthcare,9,111.54,11,1,0,1,158,0
S00619,Basic,Healthcare,6,91.24,4,1,0,1,172,0
S00620,Basic,SaaS,8,71.9,9,1,10,0,5,1
S00621,Basic,Retail,5,67.74,6,2,30,0,151,1
S00622,Basic,Healthcare,5,61.6,8,3,0,0,80,1
S00623,Basic,Manufacturing,3,63.78,13,2,10,0,330,0
S00624,Enterprise,Healthcare,9,215.66,17,1,10,1,291,0
S00625,Pro,Retail,3,79.52,13,0,20,1,232,0
S00626,Pro,Healthcare,4,92.43,14,1,0,1,183,0
S00627,Pro,SaaS,2,74.88,18,2,5,1,242,0
S00628,Pro,SaaS,3,85.8,13,0,5,1,342,0
S00629,Pro,Manufacturing,4,78.64,12,0,20,1,199,0
S00630,Pro,SaaS,5,88.22,10,0,30,1,214,0
S00631,Pro,Healthcare,4,82.37,13,0,0,1,235,1
S00632,Pro,SaaS,3,88.08,8,1,0,0,95,1
S00633,Enterprise,Retail,2,191.61,15,0,5,1,29,1
S00634,Basic,Manufacturing,5,62.28,5,1,5,1,3,1
S00635,Pro,SaaS,4,94.8,9,1,0,0,81,1
S00636,Basic,Retail,3,56.93,10,1,0,0,67,1
S00637,Basic,SaaS,4,59.62,4,2,0,1,63,1
S00638,Pro,Retail,5,107.1,14,1,5,1,88,1
S00639,Pro,SaaS,6,92.05,14,0,10,0,238,0
S00640,Pro,Retail,7,115.34,12,0,0,1,315,0
S00641,Basic,Retail,2,49.26,12,1,0,1,34,1
S00642,Pro,Manufacturing,3,75.13,15,1,20,1,166,1
S00643,Pro,Retail,2,75.38,6,1,5,1,55,1
S00644,Basic,Retail,7,83.6,6,2,20,0,113,1
S00645,Basic,Healthcare,4,76.03,6,1,10,0,9,1
S00646,Pro,SaaS,2,77.98,9,1,0,0,152,1
S00647,Pro,Retail,3,88.29,14,0,10,0,312,0
S00648,Pro,Healthcare,5,103.92,11,2,0,0,231,0
S00649,Basic,Manufacturing,6,69.77,5,2,0,0,172,0
S00650,Pro,Healthcare,5,105.1,8,2,20,0,241,1
S00651,Basic,Manufacturing,3,57.59,8,2,10,1,162,0
S00652,Pro,SaaS,2,69.83,17,1,0,1,213,0
S00653,Basic,Retail,9,76.67,9,1,10,1,175,1
S00654,Basic,SaaS,2,55.24,7,3,0,0,38,1
S00655,Pro,Manufacturing,3,73.83,11,0,0,1,250,0
S00656,Enterprise,Retail,6,220.29,18,0,5,1,203,0
S00657,Basic,Retail,3,58.05,5,3,5,0,30,1
S00658,Pro,SaaS,6,108.23,12,0,5,1,196,0
S00659,Pro,Retail,5,101.56,9,0,0,1,189,0
S00660,Pro,Healthcare,10,102.61,16,1,5,0,188,1
S00661,Enterprise,Manufacturing,5,201.33,16,0,5,0,318,0
S00662,Pro,SaaS,1,65.77,10,2,20,0,224,0
S00663,Enterprise,SaaS,11,252.6,14,0,5,1,319,0
S00664,Pro,Healthcare,2,76.75,8,1,5,1,59,1
S00665,Basic,Manufacturing,7,95.95,5,1,0,0,246,1
S00666,Basic,Retail,5,84.77,4,2,0,0,48,1
S00667,Basic,Retail,1,43.57,2,1,0,0,109,1
S00668,Basic,SaaS,4,75.95,3,3,0,1,107,1
S00669,Enterprise,Manufacturing,2,196.32,21,0,30,1,146,1
S00670,Basic,Healthcare,5,85.22,13,3,0,0,144,1
S00671,Enterprise,Manufacturing,8,232.75,17,1,0,1,256,0
S00672,Enterprise,SaaS,11,223.67,9,3,0,1,322,0
S00673,Basic,SaaS,5,85.11,4,3,0,0,145,1
S00674,Pro,SaaS,3,80.41,8,2,0,0,30,1
S00675,Basic,Healthcare,1,46.76,7,0,0,0,144,1
S00676,Pro,Healthcare,4,85.02,11,1,5,0,259,1
S00677,Basic,SaaS,5,63.69,8,4,0,0,56,1
S00678,Basic,Retail,2,55.1,6,1,10,1,117,1
S00679,Enterprise,Healthcare,8,232.35,15,1,10,1,230,0
S00680,Basic,SaaS,8,104.12,3,2,20,0,93,1
S00681,Basic,Retail,3,63.85,6,1,5,1,311,0
S00682,Basic,SaaS,5,77.94,5,1,0,0,148,1
S00683,Pro,Manufacturing,4,83.73,10,1,0,1,76,1
S00684,Pro,SaaS,2,69.55,11,0,0,1,7,1
S00685,Basic,SaaS,3,55.58,6,3,0,0,167,0
S00686,Basic,SaaS,5,80.55,5,1,10,0,188,1
S00687,Basic,Manufacturing,4,65.79,5,4,0,0,12,1
S00688,Basic,Manufacturing,2,54.43,14,2,0,0,326,0
S00689,Pro,Retail,2,74.7,11,1,5,1,296,0
S00690,Basic,Healthcare,11,112.42,7,2,20,1,244,1
S00691,Pro,Healthcare,3,88.97,16,2,0,0,252,0
S00692,Pro,Retail,5,87.71,9,1,20,1,338,0
S00693,Basic,Healthcare,5,76.55,5,1,0,0,80,1
S00694,Pro,Healthcare,2,73.62,10,0,5,0,321,0
S00695,Pro,Healthcare,7,97.39,17,0,5,0,299,0
S00696,Pro,Retail,4,90.44,13,1,5,1,105,1
S00697,Pro,Healthcare,7,122.66,15,1,0,1,78,1
S00698,Basic,Healthcare,4,57.49,3,1,5,0,32,1
S00699,Enterprise,SaaS,10,273.17,11,2,30,1,330,0
S00700,Basic,SaaS,3,56.09,5,2,20,0,166,0
S00701,Pro,Retail,2,77.22,19,2,0,0,181,0
S00702,Enterprise,SaaS,5,224.31,17,1,20,1,265,0
S00703,Basic,Manufacturing,4,67.2,9,5,20,0,320,0
S00704,Pro,SaaS,4,98.93,20,1,20,1,226,0
S00705,Basic,Healthcare,3,59.4,7,2,5,1,118,1
S00706,Basic,Retail,4,66.49,7,2,0,1,21,1
S00707,Pro,SaaS,3,75.78,15,1,30,1,198,0
S00708,Basic,Retail,7,78.96,4,3,0,1,69,1
S00709,Pro,Manufacturing,3,73.47,11,1,10,1,150,0
S00710,Pro,Manufacturing,6,107.17,13,1,10,0,293,1
S00711,Pro,Retail,14,123.77,11,1,0,1,77,1
S00712,Basic,SaaS,3,51.89,4,3,20,1,159,0
S00713,Basic,Retail,8,89.34,7,2,5,0,168,0
S00714,Enterprise,Healthcare,10,230.01,20,0,0,1,156,0
S00715,Basic,SaaS,3,67.49,4,2,5,0,46,1
S00716,Pro,Manufacturing,4,85.23,12,0,5,1,163,1
S00717,Pro,SaaS,3,79.71,19,1,0,0,226,0
S00718,Pro,Manufacturing,5,104.84,9,2,10,0,175,0
S00719,Basic,Healthcare,1,44.58,9,2,30,0,83,1
S00720,Pro,Manufacturing,6,107.45,7,0,0,1,90,1
S00721,Basic,Healthcare,3,59.93,8,2,5,0,144,1
S00722,Basic,SaaS,9,93.61,7,2,0,0,157,1
S00723,Basic,Healthcare,8,104.77,2,1,10,0,67,1
S00724,Pro,SaaS,7,115.22,8,0,0,0,187,1
S00725,Basic,Retail,5,84.79,5,1,10,0,168,1
S00726,Pro,Manufacturing,5,84.64,6,2,0,1,191,0
S00727,Basic,Manufacturing,4,60.5,8,2,10,1,206,0
S00728,Pro,Healthcare,2,72.38,15,0,10,0,165,0
S00729,Enterprise,Retail,9,217.82,14,1,0,0,108,1
S00730,Pro,Retail,3,83.34,20,0,0,1,35,1
S00731,Basic,Manufacturing,4,66.87,4,4,0,1,32,1
S00732,Basic,Healthcare,3,56.7,7,1,10,1,171,0
S00733,Basic,Retail,4,56.45,6,2,10,1,53,1
S00734,Basic,Retail,1,45.08,8,0,0,0,10,1
S00735,Pro,Retail,9,128.14,8,0,10,0,12,1
S00736,Pro,Retail,3,87.7,16,2,0,1,261,1
S00737,Basic,Healthcare,2,54.51,4,4,5,0,106,1
S00738,Pro,SaaS,9,115.07,14,0,0,1,185,1
S00739,Basic,Manufacturing,7,71.66,3,1,0,0,75,1
S00740,Pro,Manufacturing,6,93.58,10,1,0,0,301,0
S00741,Basic,Retail,4,70.28,10,0,0,0,340,0
S00742,Pro,Manufacturing,3,86.74,10,0,10,1,273,0
S00743,Basic,Retail,4,57.77,10,1,0,1,161,1
S00744,Pro,Healthcare,3,78.91,12,0,20,0,198,0
S00745,Basic,Manufacturing,2,54.06,9,1,10,0,90,1
S00746,Pro,Manufacturing,2,76.3,15,3,0,0,218,0
S00747,Basic,Healthcare,2,47.64,2,4,0,0,106,1
S00748,Pro,Healthcare,4,80.49,16,2,0,1,295,0
S00749,Basic,Retail,2,57.16,9,1,30,0,81,1
S00750,Basic,Retail,1,48.3,2,2,20,1,132,1
S00751,Enterprise,Manufacturing,7,241.72,26,3,0,1,200,0
S00752,Pro,Retail,4,94.9,13,1,5,1,4,1
S00753,Basic,Retail,3,64.96,6,1,30,0,72,1
S00754,Pro,Healthcare,7,126.42,8,0,10,1,203,1
S00755,Basic,Healthcare,4,74.35,0,4,0,0,113,1
S00756,Basic,Healthcare,1,47.23,8,4,0,0,58,1
S00757,Pro,Retail,2,76.67,6,1,20,0,257,0
S00758,Pro,SaaS,2,77.21,12,2,0,1,223,0
S00759,Basic,Retail,4,59.96,6,4,10,0,147,1
S00760,Enterprise,Retail,7,209.44,15,0,5,1,219,0
S00761,Basic,Manufacturing,4,72.27,5,0,0,0,111,1
S00762,Basic,SaaS,2,55.72,13,1,10,0,162,1
S00763,Enterprise,Manufacturing,5,212.59,20,0,20,0,66,1
S00764,Enterprise,Retail,13,268.06,13,0,0,1,300,0
S00765,Basic,Manufacturing,6,75.48,10,0,0,1,38,1
S00766,Enterprise,Healthcare,6,212.97,11,0,5,1,20,1
S00767,Basic,Healthcare,2,56.29,8,1,30,0,289,0
S00768,Pro,Healthcare,10,120.55,17,1,0,0,310,0
S00769,Enterprise,Retail,9,259.53,10,1,0,1,156,0
S00770,Basic,Retail,2,52.26,5,0,5,1,318,0
S00771,Basic,SaaS,4,61.65,10,3,20,1,215,0
S00772,Enterprise,Healthcare,4,201.78,19,1,0,0,166,1
S00773,Pro,SaaS,3,83.7,17,1,0,1,290,0
S00774,Basic,SaaS,3,65.96,6,1,10,0,95,1
S00775,Pro,SaaS,7,100.16,16,0,30,1,189,0
S00776,Basic,Manufacturing,5,81.84,7,4,0,1,19,1
S00777,Basic,SaaS,3,67.25,7,2,0,1,213,0
S00778,Enterprise,Manufacturing,6,206.48,12,0,20,0,336,0
S00779,Basic,Manufacturing,4,63.89,5,3,0,0,161,1
S00780,Pro,Retail,2,71.15,10,2,5,1,108,1
S00781,Pro,Manufacturing,5,90.11,7,1,0,1,180,0
S00782,Enterprise,SaaS,12,247.83,16,1,10,0,87,1
S00783,Basic,SaaS,4,70.76,6,0,10,0,183,0
S00784,Pro,Retail,4,88.49,11,1,10,0,230,0
S00785,Pro,Manufacturing,5,103.42,9,1,10,1,198,0
S00786,Basic,Manufacturing,5,63.91,8,2,0,0,51,1
S00787,Basic,SaaS,2,49.53,11,0,20,0,360,0
S00788,Pro,SaaS,9,135.79,13,3,0,0,191,1
S00789,Basic,Manufacturing,1,43.06,9,1,0,0,114,1
S00790,Basic,Manufacturing,10,130.61,8,2,0,1,71,1
S00791,Basic,SaaS,11,103.83,4,3,10,0,180,1
S00792,Basic,Manufacturing,2,51.69,8,2,0,1,40,1
S00793,Enterprise,SaaS,17,265.53,17,0,0,0,11,1
S00794,Basic,Healthcare,4,65.6,9,1,0,0,32,1
S00795,Basic,Manufacturing,1,46.56,4,2,0,1,74,1
S00796,Enterprise,SaaS,5,222.94,16,0,0,0,185,1
S00797,Enterprise,Manufacturing,14,261.14,12,1,20,0,170,0
S00798,Pro,Healthcare,2,74.78,11,1,0,0,105,1
S00799,Basic,Retail,3,59.47,6,0,10,1,125,1
S00800,Enterprise,Healthcare,4,203.07,15,0,0,1,340,0
S00801,Enterprise,Healthcare,3,202.71,12,1,20,1,289,0
S00802,Basic,Manufacturing,2,49.14,13,0,0,0,197,1
S00803,Basic,Healthcare,3,60.68,9,3,0,0,243,1
S00804,Basic,Healthcare,5,73.31,4,2,20,0,254,1
S00805,Basic,Manufacturing,7,79.21,9,0,0,0,64,1
S00806,Pro,SaaS,4,98.83,17,2,30,1,330,0
S00807,Basic,Retail,6,68.6,3,1,0,0,150,1
S00808,Pro,Healthcare,2,72.65,10,1,5,0,110,1
S00809,Pro,Healthcare,3,76.33,10,0,0,0,57,1
S00810,Enterprise,Manufacturing,3,198.22,14,1,0,0,268,0
S00811,Pro,Manufacturing,4,86.22,15,1,5,1,285,0
S00812,Basic,Healthcare,6,94.35,7,2,20,0,309,0
S00813,Pro,Healthcare,3,86.49,9,1,0,1,221,0
S00814,Basic,Manufacturing,12,152.03,9,0,10,0,236,0
S00815,Pro,Healthcare,2,76.28,18,1,10,0,292,0
S00816,Enterprise,SaaS,2,191.81,20,0,20,0,329,0
S00817,Basic,Healthcare,5,78.23,3,0,0,0,140,1
S00818,Pro,Healthcare,2,77.22,16,1,5,0,151,0
S00819,Pro,SaaS,8,108.64,9,1,0,1,160,1
S00820,Pro,Retail,2,76.28,14,0,10,1,310,0
S00821,Pro,Retail,2,73.81,14,2,10,0,154,0
S00822,Pro,Retail,1,66.53,15,0,30,1,360,0
S00823,Pro,Healthcare,1,67.61,10,0,10,1,254,0
S00824,Pro,Healthcare,2,69.92,15,0,20,0,288,0
S00825,Pro,Manufacturing,6,100.54,12,2,20,1,203,0
S00826,Pro,Manufacturing,5,94.54,16,0,0,1,179,0
S00827,Pro,SaaS,6,89.67,10,4,0,1,118,1
S00828,Enterprise,Manufacturing,5,216.23,17,1,20,1,269,0
S00829,Basic,Healthcare,2,49.09,6,2,20,0,93,1
S00830,Enterprise,Healthcare,6,215.18,10,3,0,0,105,1
S00831,Pro,Healthcare,12,120.28,12,0,0,0,330,0
S00832,Pro,Retail,6,100.87,15,0,0,1,30,1
S00833,Basic,Healthcare,4,59.41,6,3,0,1,232,1
S00834,Basic,Healthcare,2,53.0,5,1,30,0,243,0
S00835,Pro,Manufacturing,4,85.05,5,0,0,1,240,0
S00836,Basic,Manufacturing,3,52.16,8,0,0,0,201,0
S00837,Basic,Manufacturing,4,70.24,4,1,0,1,25,1
S00838,Pro,Retail,3,88.94,11,1,30,0,119,1
S00839,Pro,Manufacturing,5,102.81,16,2,20,1,219,0
S00840,Pro,Retail,5,105.26,9,0,0,1,219,0
S00841,Basic,Healthcare,9,104.36,5,4,5,0,49,1
S00842,Basic,SaaS,2,51.58,9,3,30,0,295,1
S00843,Enterprise,SaaS,6,205.56,16,1,30,1,343,0
S00844,Basic,SaaS,5,65.11,4,2,10,0,266,1
S00845,Enterprise,SaaS,5,215.37,21,1,10,1,230,0
S00846,Basic,Healthcare,4,76.73,7,3,0,0,28,1
S00847,Basic,SaaS,4,61.55,6,3,0,1,124,1
S00848,Pro,Healthcare,7,119.77,16,0,5,1,274,0
S00849,Basic,Manufacturing,2,47.54,4,2,0,0,139,1
S00850,Enterprise,Manufacturing,15,243.55,10,1,0,1,246,0
S00851,Basic,Healthcare,3,60.16,11,2,20,0,173,1
S00852,Basic,Healthcare,1,44.34,13,2,10,0,303,0
S00853,Basic,SaaS,3,52.08,6,3,0,1,187,1
S00854,Enterprise,Healthcare,4,208.85,13,1,0,1,182,1
S00855,Basic,Manufacturing,2,51.56,7,1,30,0,266,1
S00856,Basic,Manufacturing,2,50.29,5,2,0,0,9,1
S00857,Pro,Retail,2,77.38,20,1,20,1,356,0
S00858,Pro,Manufacturing,4,82.22,19,2,0,0,342,0
S00859,Enterprise,SaaS,3,206.61,19,1,5,0,77,1
S00860,Basic,Retail,4,75.48,11,0,0,1,10,1
S00861,Pro,Retail,4,93.89,9,1,0,0,127,1
S00862,Basic,SaaS,2,48.38,9,1,0,0,2,1
S00863,Pro,Retail,7,106.4,12,0,20,1,329,0
S00864,Pro,Retail,6,88.89,14,1,0,0,11,1
S00865,Basic,Manufacturing,4,68.78,8,1,0,0,175,0
S00866,Pro,SaaS,2,71.73,11,3,0,1,221,0
S00867,Basic,SaaS,5,61.99,9,2,0,1,288,1
S00868,Basic,Manufacturing,2,57.21,6,0,10,0,153,1
S00869,Enterprise,Retail,1,186.57,10,0,20,1,347,0
S00870,Basic,Manufacturing,1,44.15,6,4,0,1,120,1
S00871,Basic,Retail,2,52.95,9,1,5,0,73,1
S00872,Basic,Healthcare,6,85.28,9,2,5,1,209,1
S00873,Basic,Retail,5,68.8,9,2,10,0,333,1
S00874,Pro,Healthcare,4,90.65,12,2,0,0,146,1
S00875,Basic,Healthcare,4,62.98,3,1,10,1,219,0
S00876,Pro,Retail,1,67.88,18,1,5,1,293,0
S00877,Pro,Manufacturing,11,129.12,12,1,20,1,303,1
S00878,Basic,Healthcare,4,70.03,7,1,0,0,358,0
S00879,Pro,Manufacturing,4,97.03,16,1,0,0,200,0
S00880,Basic,Retail,14,157.64,7,2,20,0,264,1
S00881,Pro,Manufacturing,5,97.5,12,1,20,0,333,0
S00882,Enterprise,Healthcare,5,213.66,12,1,5,1,256,0
S00883,Basic,Healthcare,3,61.43,12,1,0,1,109,1
S00884,Pro,Manufacturing,2,71.1,11,3,0,0,55,1
S00885,Pro,SaaS,15,193.58,8,1,10,1,159,0
S00886,Basic,Retail,2,49.48,5,1,0,1,188,0
S00887,Enterprise,Manufacturing,9,217.49,16,2,0,0,180,1
S00888,Basic,SaaS,2,53.54,10,0,20,1,30,1
S00889,Pro,Healthcare,11,128.48,9,0,20,1,345,0
S00890,Pro,Healthcare,8,108.88,13,0,0,0,172,1
S00891,Basic,Manufacturing,3,53.38,11,2,20,1,2,1
S00892,Pro,SaaS,7,95.69,13,1,20,1,350,0
S00893,Basic,Healthcare,6,78.87,2,0,10,0,166,0
S00894,Enterprise,Retail,7,214.46,11,1,5,1,357,0
S00895,Basic,SaaS,5,78.16,8,3,10,0,90,1
S00896,Pro,Manufacturing,2,69.83,13,1,20,0,262,0
S00897,Enterprise,Retail,7,243.88,7,1,10,0,186,0
S00898,Enterprise,Manufacturing,13,279.18,12,0,0,1,306,0
S00899,Pro,SaaS,3,83.68,14,0,10,1,234,0
S00900,Pro,Manufacturing,9,145.79,15,1,30,0,331,0
S00901,Basic,Retail,4,58.89,8,1,0,0,83,1
S00902,Basic,Manufacturing,6,71.72,5,0,10,0,185,1
S00903,Basic,Manufacturing,2,54.35,6,1,0,0,17,1
S00904,Basic,Retail,4,64.18,10,0,20,0,173,1
S00905,Pro,Healthcare,4,78.09,16,1,30,1,185,0
S00906,Enterprise,SaaS,3,203.45,14,0,30,1,265,0
S00907,Basic,Retail,2,50.75,6,0,10,0,19,1
S00908,Basic,Manufacturing,4,59.66,11,2,0,1,86,1
S00909,Pro,Retail,2,76.02,19,0,20,1,134,1
S00910,Basic,Manufacturing,2,53.15,8,4,0,0,62,1
S00911,Basic,Healthcare,2,54.52,4,1,5,1,257,0
S00912,Pro,SaaS,6,92.25,15,0,0,1,305,0
S00913,Enterprise,SaaS,10,220.48,16,1,20,0,252,0
S00914,Basic,Healthcare,2,53.81,8,0,10,1,252,0
S00915,Basic,Manufacturing,2,49.0,4,3,10,1,52,1
S00916,Pro,SaaS,3,82.98,13,1,0,1,308,0
S00917,Enterprise,Healthcare,8,246.59,12,2,10,0,247,0
S00918,Basic,Retail,9,103.75,9,3,5,1,35,1
S00919,Pro,Manufacturing,4,82.71,13,1,0,1,193,0
S00920,Basic,Healthcare,2,47.98,10,4,10,0,220,1
S00921,Basic,Healthcare,3,58.45,9,2,5,0,7,1
S00922,Pro,Manufacturing,1,66.67,12,2,5,0,164,1
S00923,Basic,SaaS,2,54.36,3,4,0,0,163,1
S00924,Basic,Retail,5,73.14,10,1,0,1,40,1
S00925,Pro,Retail,6,100.68,15,1,0,1,258,0
S00926,Pro,Healthcare,3,75.4,6,2,0,1,223,0
S00927,Pro,SaaS,12,123.65,13,0,5,1,195,1
S00928,Basic,Healthcare,3,67.27,6,3,5,1,155,0
S00929,Enterprise,Healthcare,5,223.26,21,2,20,1,305,0
S00930,Pro,Retail,3,80.9,9,0,30,1,225,0
S00931,Pro,Manufacturing,6,114.78,9,1,10,1,129,1
S00932,Basic,SaaS,3,56.96,6,1,0,0,33,1
S00933,Pro,SaaS,8,119.25,13,3,20,1,172,0
S00934,Basic,Manufacturing,3,63.87,7,0,0,0,242,0
S00935,Enterprise,SaaS,8,236.33,13,0,5,1,253,0
S00936,Pro,Retail,6,111.12,6,1,5,1,193,0
S00937,Basic,Retail,5,62.85,10,3,0,1,66,1
S00938,Pro,Healthcare,4,90.1,9,2,5,0,237,0
S00939,Pro,SaaS,4,89.97,15,2,5,0,99,1
S00940,Basic,SaaS,2,54.55,12,2,0,0,46,1
S00941,Pro,Manufacturing,3,83.51,16,0,10,1,293,0
S00942,Pro,SaaS,3,82.3,8,1,0,1,281,0
S00943,Basic,SaaS,7,91.59,13,3,0,1,172,1
S00944,Basic,SaaS,6,63.84,8,0,0,0,135,1
S00945,Pro,Healthcare,4,80.65,10,1,10,1,7,1
S00946,Pro,Manufacturing,7,126.91,14,2,10,0,185,1
S00947,Pro,Manufacturing,2,77.14,11,0,5,1,15,1
S00948,Enterprise,Healthcare,7,209.84,16,0,5,1,155,0
S00949,Pro,Healthcare,4,94.54,13,2,5,1,283,0
S00950,Basic,SaaS,3,59.91,6,2,0,1,92,1
S00951,Pro,Retail,2,76.23,16,0,30,0,157,1
S00952,Basic,Manufacturing,4,70.67,13,3,10,1,201,0
S00953,Basic,Retail,2,48.97,10,2,20,1,74,1
S00954,Basic,Manufacturing,6,80.62,4,3,10,1,181,0
S00955,Pro,SaaS,3,82.4,8,0,10,0,286,0
S00956,Basic,Healthcare,3,63.0,11,3,0,0,94,1
S00957,Basic,Healthcare,5,61.99,11,2,20,1,227,0
S00958,Basic,Retail,3,64.16,16,1,0,0,60,1
S00959,Basic,Retail,4,75.42,5,1,0,1,63,1
S00960,Basic,SaaS,4,67.21,10,1,5,0,159,1
S00961,Pro,Retail,5,85.16,27,1,0,1,304,0
S00962,Basic,SaaS,4,68.54,5,2,0,0,77,1
S00963,Basic,Healthcare,4,71.61,11,3,0,1,89,1
S00964,Enterprise,Manufacturing,5,205.4,9,2,10,1,303,1
S00965,Basic,Manufacturing,3,61.89,3,0,20,1,320,0
S00966,Pro,SaaS,8,118.01,18,1,20,1,204,0
S00967,Basic,Retail,1,46.46,13,3,0,0,148,1
S00968,Basic,Retail,5,79.15,8,2,0,0,84,1
S00969,Basic,Manufacturing,2,47.31,5,1,20,0,355,0
S00970,Basic,Healthcare,3,67.45,7,3,0,1,33,1
S00971,Basic,Retail,2,50.98,6,1,10,1,245,0
S00972,Pro,Manufacturing,7,107.39,17,0,20,1,320,0
S00973,Basic,Retail,4,56.09,9,1,10,1,111,1
S00974,Pro,Healthcare,7,124.29,21,0,30,1,269,0
S00975,Pro,Healthcare,6,114.59,9,1,20,1,272,1
S00976,Pro,Manufacturing,4,90.93,5,0,0,0,264,0
S00977,Basic,SaaS,2,53.39,11,0,10,1,272,0
S00978,Basic,Retail,2,47.53,6,3,10,0,6,1
S00979,Enterprise,SaaS,3,191.61,14,1,5,1,122,1
S00980,Enterprise,Healthcare,10,244.27,14,1,0,1,313,0
S00981,Pro,Retail,4,84.0,10,3,20,1,323,0
S00982,Basic,Healthcare,3,61.77,3,2,5,0,39,1
S00983,Pro,Manufacturing,1,70.3,11,2,20,1,154,0
S00984,Pro,Healthcare,3,81.65,10,1,0,1,175,0
S00985,Basic,Healthcare,2,49.07,5,1,5,1,165,1
S00986,Basic,SaaS,4,71.32,7,3,10,0,77,1
S00987,Pro,Healthcare,6,104.16,11,0,30,1,292,0
S00988,Pro,SaaS,3,85.64,8,1,30,0,163,0
S00989,Pro,Retail,10,142.99,13,2,0,0,115,1
S00990,Basic,SaaS,2,51.55,6,4,0,1,202,1
S00991,Pro,Healthcare,2,78.48,12,1,0,1,167,0
S00992,Basic,Healthcare,5,78.69,6,1,0,0,285,1
S00993,Pro,Retail,7,96.27,10,1,0,1,279,0
S00994,Pro,Healthcare,7,96.7,11,0,10,0,222,0
S00995,Basic,SaaS,2,55.67,6,2,20,0,153,0
S00996,Pro,SaaS,2,71.16,12,0,5,0,323,0
S00997,Basic,Healthcare,7,85.27,7,2,0,1,154,1
S00998,Basic,Retail,6,86.75,8,0,30,1,247,0
S00999,Pro,Manufacturing,6,86.77,13,0,30,1,218,0
S01000,Pro,Healthcare,3,78.84,8,0,0,0,129,1
S01001,Pro,Healthcare,3,73.59,14,0,0,1,191,0
S01002,Basic,Retail,1,45.74,7,1,0,0,157,1
S01003,Basic,Retail,4,60.0,10,3,20,1,70,1
S01004,Basic,SaaS,2,57.13,10,1,30,0,311,0
S01005,Pro,SaaS,6,98.32,15,1,0,1,39,1
S01006,Enterprise,Manufacturing,3,201.22,14,0,5,0,121,1
S01007,Pro,Manufacturing,3,75.25,17,1,20,1,273,0
S01008,Pro,Healthcare,5,102.69,6,1,20,1,224,0
S01009,Enterprise,Retail,9,245.13,14,1,30,0,342,0
S01010,Pro,Manufacturing,4,85.39,13,2,5,1,171,0
S01011,Pro,Retail,1,66.59,6,1,0,1,151,0
S01012,Pro,SaaS,7,118.47,9,1,10,1,159,0
S01013,Pro,Healthcare,4,86.17,14,0,5,1,246,0
S01014,Pro,Manufacturing,3,76.87,14,0,0,0,314,0
S01015,Basic,SaaS,1,44.37,8,2,0,1,169,0
S01016,Pro,SaaS,6,89.13,10,0,0,1,78,1
S01017,Pro,Manufacturing,12,111.44,10,0,20,0,355,0
S01018,Enterprise,Manufacturing,7,243.31,11,0,0,1,238,0
S01019,Basic,Retail,6,66.76,3,2,0,0,82,1
S01020,Pro,SaaS,3,87.42,11,1,0,1,266,0
S01021,Basic,Healthcare,3,65.43,3,1,30,0,248,0
S01022,Basic,SaaS,4,67.46,7,4,0,0,85,1
S01023,Basic,Retail,6,80.48,10,0,5,0,176,0
S01024,Pro,Healthcare,4,98.1,11,0,0,0,289,1
S01025,Pro,Retail,6,109.86,7,3,0,1,216,0
S01026,Pro,Retail,3,88.19,16,1,0,0,155,1
S01027,Pro,Manufacturing,3,81.03,10,1,30,1,322,1
S01028,Pro,Healthcare,6,93.94,10,3,0,1,345,0
S01029,Basic,Manufacturing,3,59.71,5,2,0,0,6,1
S01030,Pro,Healthcare,6,113.43,13,0,0,0,98,1
S01031,Basic,Retail,1,46.09,5,1,20,0,155,1
S01032,Pro,Healthcare,3,82.37,15,1,0,0,172,0
S01033,Basic,Manufacturing,2,54.52,3,1,0,0,60,1
S01034,Pro,Retail,5,93.69,11,2,0,1,207,0
S01035,Enterprise,Manufacturing,5,223.27,12,1,0,0,223,1
S01036,Basic,Manufacturing,2,57.4,7,3,20,1,290,0
S01037,Basic,Healthcare,2,57.71,8,1,0,0,53,1
S01038,Basic,Healthcare,1,44.9,6,2,30,0,3,1
S01039,Basic,SaaS,6,91.8,3,2,5,0,107,1
S01040,Basic,SaaS,1,43.49,8,2,0,0,31,1
S01041,Basic,Healthcare,6,78.29,8,1,0,1,338,0
S01042,Enterprise,Manufacturing,7,224.57,17,0,0,1,360,0
S01043,Basic,SaaS,2,53.77,8,2,5,0,135,1
S01044,Enterprise,Healthcare,7,232.04,17,1,10,1,317,0
S01045,Basic,Manufacturing,4,55.26,10,1,0,0,111,1
S01046,Basic,Manufacturing,1,45.92,8,1,0,1,7,1
S01047,Basic,Manufacturing,4,68.24,6,4,0,0,7,1
S01048,Pro,Retail,4,78.87,10,0,0,1,190,0
S01049,Basic,SaaS,3,67.45,7,0,5,0,334,1
S01050,Pro,Retail,3,79.95,10,0,10,0,208,0
S01051,Basic,Retail,2,53.93,9,1,5,0,141,1
S01052,Pro,SaaS,2,71.88,12,0,5,1,183,1
S01053,Pro,Retail,8,110.9,15,0,10,1,216,0
S01054,Basic,Healthcare,1,48.01,5,3,5,0,79,1
S01055,Enterprise,Healthcare,5,214.19,15,0,0,1,307,0
S01056,Enterprise,SaaS,8,211.85,18,1,20,1,259,0
S01057,Pro,SaaS,9,128.38,23,0,0,1,186,0
S01058,Pro,Manufacturing,4,81.65,11,1,30,0,301,0
S01059,Pro,SaaS,3,80.43,5,1,10,1,283,0
S01060,Basic,Retail,5,61.36,6,0,5,0,56,1
S01061,Basic,Manufacturing,3,58.2,7,1,0,0,122,1
S01062,Basic,Manufacturing,1,43.08,9,2,0,0,9,1
S01063,Basic,SaaS,5,69.31,6,3,0,0,143,1
S01064,Basic,Healthcare,7,92.25,4,3,10,1,15,1
S01065,Pro,Healthcare,3,73.47,14,0,20,1,336,0
S01066,Pro,SaaS,4,94.17,9,0,10,1,143,1
S01067,Basic,SaaS,3,60.3,3,3,5,0,158,1
S01068,Enterprise,Retail,8,235.86,14,1,20,0,192,0
S01069,Pro,Healthcare,3,81.22,19,0,10,1,180,0
S01070,Pro,SaaS,7,99.69,7,1,10,0,231,0
S01071,Enterprise,Retail,4,195.41,13,2,0,1,196,0
S01072,Pro,Manufacturing,3,85.76,8,0,5,0,77,1
S01073,Basic,Healthcare,2,54.89,7,4,0,1,11,1
S01074,Basic,SaaS,3,67.49,5,3,0,0,114,1
S01075,Basic,SaaS,2,50.73,3,3,0,1,195,0
S01076,Pro,SaaS,8,100.38,12,0,5,1,222,0
S01077,Pro,Healthcare,2,70.09,15,0,0,1,225,0
S01078,Pro,SaaS,5,101.0,11,2,10,1,28,1
S01079,Basic,Manufacturing,3,66.06,7,2,10,0,26,1
S01080,Pro,SaaS,9,104.77,17,1,5,1,193,0
S01081,Enterprise,SaaS,3,203.0,13,2,10,1,232,1
S01082,Enterprise,Healthcare,4,215.26,13,1,10,0,179,1
S01083,Basic,Manufacturing,3,66.18,9,1,0,1,13,1
S01084,Pro,SaaS,2,76.54,8,1,0,1,273,1
S01085,Pro,Healthcare,4,83.7,13,0,0,0,272,0
S01086,Enterprise,Manufacturing,8,230.24,13,1,5,0,308,1
S01087,Basic,Retail,3,63.78,5,0,5,0,38,1
S01088,Basic,Healthcare,2,53.77,10,1,5,0,43,1
S01089,Enterprise,Healthcare,7,236.61,12,1,0,1,19,1
S01090,Basic,SaaS,8,77.35,6,3,30,0,90,1
S01091,Basic,SaaS,2,56.93,10,0,20,1,352,0
S01092,Pro,Retail,4,92.14,13,1,5,1,218,0
S01093,Basic,Healthcare,8,101.2,5,2,0,0,42,1
S01094,Enterprise,Retail,10,232.35,9,0,5,1,211,0
S01095,Basic,Manufacturing,6,88.96,4,0,5,0,98,1
S01096,Basic,SaaS,4,70.99,8,1,10,0,314,0
S01097,Basic,SaaS,4,62.11,5,3,0,1,21,1
S01098,Basic,SaaS,2,47.25,9,1,0,1,107,1
S01099,Basic,Manufacturing,1,45.03,4,0,20,1,156,0
S01100,Pro,SaaS,7,90.41,13,2,10,1,264,0
S01101,Basic,Retail,3,54.1,6,2,0,0,56,1
S01102,Basic,Manufacturing,1,44.22,7,1,30,0,203,0
S01103,Pro,SaaS,6,102.46,3,0,0,1,103,1
S01104,Enterprise,SaaS,3,207.04,10,1,0,0,152,1
S01105,Enterprise,Manufacturing,7,228.93,13,0,0,0,276,0
S01106,Enterprise,Manufacturing,2,197.19,9,0,0,0,59,1
S01107,Basic,Manufacturing,2,54.05,5,2,0,1,43,1
S01108,Pro,Manufacturing,2,75.26,11,0,0,1,215,0
S01109,Basic,Healthcare,3,64.95,9,1,10,0,17,1
S01110,Pro,Healthcare,7,98.81,10,2,0,1,187,0
S01111,Basic,SaaS,3,56.89,5,2,0,1,228,0
S01112,Pro,Manufacturing,4,83.67,8,2,20,1,301,0
S01113,Pro,SaaS,5,89.12,17,4,0,1,118,1
S01114,Pro,Manufacturing,3,86.89,10,2,0,0,203,0
S01115,Basic,Healthcare,2,52.17,5,1,0,1,130,1
S01116,Enterprise,Healthcare,9,253.35,8,0,0,1,356,0
S01117,Basic,Manufacturing,3,56.98,5,1,20,0,290,0
S01118,Basic,Healthcare,4,67.2,9,5,0,1,42,1
S01119,Basic,Retail,2,57.17,8,3,5,1,18,1
S01120,Enterprise,Healthcare,4,201.09,9,2,30,1,329,0
S01121,Basic,SaaS,1,45.3,11,3,10,0,134,1
S01122,Pro,Healthcare,5,83.34,6,1,5,1,16,1
S01123,Basic,SaaS,3,60.75,6,3,5,0,27,1
S01124,Basic,Manufacturing,1,44.95,9,4,0,1,110,1
S01125,Enterprise,Retail,6,206.88,14,1,5,0,199,0
S01126,Pro,Retail,3,82.03,15,1,0,1,234,0
S01127,Pro,SaaS,4,85.26,18,1,5,1,49,1
S01128,Basic,Healthcare,5,77.03,7,2,0,0,44,1
S01129,Basic,SaaS,4,72.19,11,1,0,0,181,0
S01130,Basic,Retail,2,56.74,6,1,0,1,126,1
S01131,Basic,Healthcare,3,61.01,9,2,20,0,246,0
S01132,Basic,Healthcare,3,66.93,8,2,5,0,83,1
S01133,Basic,Healthcare,4,67.27,5,2,30,0,304,0
S01134,Enterprise,SaaS,5,205.41,12,2,0,0,213,0
S01135,Pro,SaaS,3,74.33,12,0,20,1,73,1
S01136,Enterprise,SaaS,4,197.24,13,0,0,1,248,0
S01137,Pro,Manufacturing,7,122.88,10,1,30,0,235,0
S01138,Basic,SaaS,1,45.32,3,1,0,0,200,1
S01139,Pro,Healthcare,4,87.96,8,2,0,1,344,0
S01140,Pro,SaaS,2,79.21,21,1,0,1,50,1
S01141,Pro,Retail,7,102.53,15,0,0,1,232,0
S01142,Pro,SaaS,16,175.56,12,0,30,1,363,0
S01143,Pro,SaaS,2,78.14,13,1,0,1,228,1
S01144,Enterprise,SaaS,6,203.23,15,1,5,1,227,0
S01145,Pro,Manufacturing,6,99.17,15,0,0,1,179,0
S01146,Enterprise,Manufacturing,6,234.0,15,0,5,1,181,0
S01147,Pro,Manufacturing,3,78.16,11,0,20,0,114,1
S01148,Enterprise,Healthcare,4,214.93,14,2,20,0,259,0
S01149,Enterprise,Manufacturing,17,249.1,20,1,10,1,246,0
S01150,Basic,Healthcare,2,57.52,11,1,20,1,302,0
S01151,Basic,Manufacturing,3,55.77,7,2,0,0,48,1
S01152,Basic,Manufacturing,4,56.69,13,2,0,0,44,1
S01153,Basic,Manufacturing,3,56.01,10,1,10,1,222,0
S01154,Basic,Healthcare,3,65.91,7,3,10,0,158,0
S01155,Pro,Healthcare,10,113.13,7,0,20,1,252,0
S01156,Basic,Healthcare,3,61.49,5,0,10,0,192,1
S01157,Basic,Manufacturing,3,56.83,10,2,0,1,152,1
S01158,Pro,Healthcare,4,85.23,10,0,0,1,305,0
S01159,Basic,Healthcare,2,52.06,4,2,0,0,146,1
S01160,Pro,Healthcare,3,80.44,13,0,0,1,112,1
S01161,Basic,Healthcare,3,58.75,8,2,10,0,88,1
S01162,Basic,Retail,3,67.12,8,0,0,1,153,0
S01163,Pro,Retail,2,72.23,14,1,0,1,51,1
S01164,Enterprise,Retail,15,272.17,10,0,10,0,163,1
S01165,Pro,Manufacturing,5,90.66,14,0,0,1,232,0
S01166,Pro,Manufacturing,3,74.91,12,0,10,1,354,0
S01167,Basic,Manufacturing,8,80.93,8,1,10,1,219,0
S01168,Pro,Manufacturing,4,87.65,14,0,10,1,247,0
S01169,Basic,Healthcare,6,89.0,9,2,30,0,50,1
S01170,Basic,Healthcare,4,55.0,7,1,0,1,152,0
S01171,Basic,Healthcare,8,76.92,8,2,5,0,46,1
S01172,Pro,Retail,3,86.26,21,0,0,1,351,0
S01173,Enterprise,Manufacturing,2,194.99,8,1,0,1,300,0
S01174,Pro,Healthcare,6,108.54,11,0,20,1,299,1
S01175,Pro,Manufacturing,9,144.86,16,0,0,1,232,1
S01176,Pro,Manufacturing,3,86.14,21,0,20,1,330,0
S01177,Enterprise,Retail,8,246.98,12,1,0,0,281,0
S01178,Enterprise,Manufacturing,6,234.35,16,0,0,1,284,0
S01179,Basic,Retail,1,43.77,5,2,0,0,217,0
S01180,Basic,Healthcare,5,65.63,8,2,10,0,180,1
S01181,Pro,SaaS,4,95.98,11,0,0,1,213,1
S01182,Enterprise,Manufacturing,5,200.13,11,1,0,0,214,1
S01183,Basic,Retail,3,62.25,5,4,10,0,22,1
S01184,Pro,SaaS,5,97.52,14,1,10,1,305,0
S01185,Basic,Retail,2,51.52,10,0,0,0,247,1
S01186,Pro,Retail,3,82.82,18,0,0,1,281,0
S01187,Pro,SaaS,8,131.43,11,1,20,0,220,0
S01188,Pro,SaaS,2,70.72,20,1,20,1,152,0
S01189,Pro,Healthcare,3,86.8,15,3,10,0,187,0
S01190,Basic,Retail,2,52.7,7,1,10,1,207,0
S01191,Basic,Healthcare,4,76.35,7,1,20,1,179,0
S01192,Enterprise,Retail,4,215.33,15,1,10,1,164,0
S01193,Pro,Retail,2,74.13,14,0,5,1,277,1
S01194,Pro,Healthcare,10,133.19,11,3,0,1,210,0
S01195,Pro,Healthcare,8,124.78,18,1,20,0,338,0
S01196,Basic,Retail,3,54.41,5,2,5,0,90,1
S01197,Pro,SaaS,2,70.26,18,2,10,0,165,0
S01198,Pro,Retail,3,85.36,11,1,10,1,248,0
S01199,Basic,SaaS,2,47.94,9,2,10,0,261,0
S01200,Pro,Manufacturing,9,99.26,17,2,0,1,238,0
S01201,Enterprise,Manufacturing,9,259.86,16,2,0,1,257,0
S01202,Pro,Manufacturing,3,73.75,13,1,5,1,352,0
S01203,Pro,Manufacturing,5,99.47,14,1,0,1,205,0
S01204,Pro,SaaS,6,86.28,13,0,20,0,180,0
S01205,Pro,Manufacturing,5,102.82,5,1,0,1,294,0
S01206,Pro,Manufacturing,3,87.38,12,0,30,1,340,0
S01207,Basic,Retail,2,56.93,10,2,5,0,48,1
S01208,Pro,Retail,3,88.96,18,2,5,1,211,0
S01209,Basic,Manufacturing,2,54.56,3,0,30,0,289,0
S01210,Basic,Healthcare,4,56.88,8,2,5,0,58,1
S01211,Basic,Retail,16,156.86,6,2,0,0,31,1
S01212,Enterprise,Retail,4,200.13,11,0,5,1,258,0
S01213,Enterprise,Healthcare,3,199.5,19,0,20,0,344,0
S01214,Pro,Manufacturing,6,91.29,13,2,0,0,208,0
S01215,Basic,SaaS,3,66.05,4,3,0,0,195,0
S01216,Enterprise,Retail,7,210.45,15,0,0,1,301,0
S01217,Basic,Retail,8,86.68,6,0,5,0,151,0
S01218,Pro,SaaS,4,87.62,9,0,10,0,150,0
S01219,Pro,Healthcare,9,101.33,9,1,10,0,199,0
S01220,Pro,Retail,11,160.66,13,0,0,1,233,0
S01221,Basic,Manufacturing,3,67.04,7,2,30,0,327,1
S01222,Basic,SaaS,3,66.44,7,2,30,1,226,0
S01223,Pro,Healthcare,6,100.7,6,1,10,0,230,0
S01224,Basic,Healthcare,5,61.36,8,1,0,0,33,1
S01225,Pro,Manufacturing,3,81.2,13,0,10,1,335,0
S01226,Basic,Healthcare,2,48.02,8,1,0,1,120,1
S01227,Pro,Healthcare,11,105.82,9,1,0,0,105,1
S01228,Basic,Healthcare,2,57.5,7,1,10,1,14,1
S01229,Pro,Retail,4,87.61,8,0,10,1,258,0
S01230,Pro,Manufacturing,4,93.31,8,1,20,1,179,0
S01231,Basic,Healthcare,3,57.23,5,1,5,1,68,1
S01232,Basic,Manufacturing,2,51.79,13,0,0,0,7,1
S01233,Pro,SaaS,5,107.74,15,0,0,0,256,0
S01234,Pro,Manufacturing,5,93.45,17,2,5,1,274,0
S01235,Pro,Retail,1,66.37,16,0,5,1,338,0
S01236,Enterprise,SaaS,5,206.22,16,1,10,1,53,1
S01237,Basic,Retail,4,64.89,7,1,30,0,202,1
S01238,Pro,SaaS,4,83.54,16,2,10,0,85,1
S01239,Pro,Manufacturing,3,85.23,8,0,5,0,132,1
S01240,Pro,Manufacturing,4,96.19,8,1,10,0,69,1
S01241,Basic,Healthcare,4,75.53,9,1,5,0,192,1
S01242,Basic,Manufacturing,2,52.21,4,0,0,1,173,0
S01243,Enterprise,SaaS,9,237.34,14,0,0,1,210,0
S01244,Basic,SaaS,2,51.22,8,1,10,0,33,1
S01245,Enterprise,Retail,3,196.98,16,0,0,0,205,0
S01246,Basic,Retail,2,56.49,3,2,10,0,252,1
S01247,Enterprise,Manufacturing,16,282.8,14,0,0,1,326,0
S01248,Basic,Manufacturing,2,49.46,8,0,10,0,163,0
S01249,Pro,Healthcare,1,69.91,12,0,5,1,292,0
S01250,Enterprise,SaaS,3,201.9,11,0,0,0,281,0
S01251,Enterprise,Healthcare,4,201.8,14,1,0,0,302,0
S01252,Basic,Retail,6,89.73,9,1,0,0,25,1
S01253,Basic,SaaS,2,49.4,12,0,20,1,225,1
S01254,Pro,Manufacturing,2,77.46,12,1,10,0,169,0
S01255,Pro,Healthcare,3,86.72,13,0,0,0,299,0
S01256,Pro,Manufacturing,3,78.18,12,0,0,1,201,0
S01257,Basic,SaaS,6,92.76,9,0,0,1,333,0
S01258,Enterprise,Manufacturing,5,213.71,15,3,5,1,208,1
S01259,Basic,Retail,3,56.25,5,0,0,1,63,1
S01260,Enterprise,Retail,5,200.01,14,1,0,1,265,0
S01261,Pro,Manufacturing,3,89.4,11,0,20,0,315,0
S01262,Pro,Healthcare,2,77.53,12,0,0,1,23,1
S01263,Enterprise,Retail,2,191.41,11,3,0,0,121,1
S01264,Basic,Retail,6,77.41,6,3,0,0,139,1
S01265,Pro,SaaS,5,92.22,10,1,30,0,179,0
S01266,Basic,Retail,4,56.05,10,2,20,1,188,1
S01267,Pro,Manufacturing,3,86.8,6,0,20,0,171,0
S01268,Basic,Manufacturing,5,70.21,11,1,5,0,24,1
S01269,Enterprise,Retail,14,264.29,14,0,0,0,56,1
S01270,Pro,Healthcare,8,117.12,15,2,0,0,109,1
S01271,Basic,SaaS,2,49.74,8,1,10,0,13,1
S01272,Basic,Retail,4,60.67,8,3,0,0,27,1
S01273,Basic,Retail,3,61.12,6,2,10,0,216,1
S01274,Basic,Healthcare,5,71.01,6,3,20,0,285,1
S01275,Pro,SaaS,3,84.39,17,0,10,1,162,0
S01276,Basic,SaaS,5,60.05,13,0,10,0,14,1
S01277,Pro,SaaS,5,88.08,10,0,20,0,246,0
S01278,Basic,Healthcare,4,56.03,13,2,30,1,201,0
S01279,Pro,Healthcare,3,79.25,9,0,30,0,311,0
S01280,Basic,SaaS,5,62.16,9,3,10,0,201,0
S01281,Basic,Retail,4,66.44,8,2,0,1,169,1
S01282,Pro,Healthcare,7,91.87,7,0,5,1,312,0
S01283,Pro,Retail,8,136.4,15,1,20,1,154,0
S01284,Basic,Retail,4,57.28,7,5,0,0,36,1
S01285,Pro,Healthcare,22,244.56,11,3,20,1,96,1
S01286,Basic,Healthcare,3,67.18,6,1,20,1,333,0
S01287,Pro,Healthcare,12,163.09,13,1,5,1,363,0
S01288,Basic,Healthcare,2,55.79,5,2,0,1,339,0
S01289,Basic,Healthcare,5,70.54,7,2,0,0,19,1
S01290,Pro,Manufacturing,7,89.07,13,2,0,0,161,1
S01291,Pro,SaaS,4,83.64,11,2,0,0,152,0
S01292,Basic,SaaS,3,60.67,4,1,0,1,175,0
S01293,Pro,Manufacturing,6,95.91,9,0,5,1,157,0
S01294,Basic,SaaS,6,70.03,7,2,0,0,221,1
S01295,Enterprise,SaaS,5,202.46,11,1,5,1,348,0
S01296,Pro,SaaS,6,116.18,13,1,0,1,253,0
S01297,Enterprise,Manufacturing,7,240.51,23,2,0,0,56,1
S01298,Enterprise,Manufacturing,7,207.74,17,1,0,1,357,0
S01299,Pro,Healthcare,2,74.92,13,0,0,0,307,0
S01300,Enterprise,Manufacturing,19,269.1,14,1,0,0,156,0
S01301,Basic,Healthcare,2,54.31,8,1,5,0,142,1
S01302,Basic,Healthcare,2,47.98,8,3,20,0,158,0
S01303,Pro,SaaS,3,81.61,14,0,10,1,351,0
S01304,Basic,Retail,8,79.53,5,5,10,0,195,1
S01305,Pro,Retail,7,90.27,13,0,10,1,273,0
S01306,Pro,Healthcare,5,104.97,5,1,5,0,273,1
S01307,Basic,SaaS,6,91.04,8,1,10,1,33,1
S01308,Pro,SaaS,3,81.71,13,1,5,1,57,1
S01309,Basic,SaaS,1,45.43,9,1,0,1,82,1
S01310,Basic,Healthcare,12,150.19,5,0,20,0,167,1
S01311,Basic,Healthcare,2,54.29,9,1,30,1,151,0
S01312,Pro,Healthcare,2,76.99,23,1,5,0,297,0
S01313,Basic,Manufacturing,3,60.73,8,0,20,1,318,0
S01314,Pro,Healthcare,4,89.23,9,1,0,1,21,1
S01315,Basic,SaaS,10,118.75,10,1,30,0,171,1
S01316,Pro,Healthcare,5,82.3,14,3,0,1,294,0
S01317,Basic,Manufacturing,3,54.12,4,3,5,0,81,1
S01318,Basic,Manufacturing,3,52.42,4,2,0,1,84,1
S01319,Pro,Manufacturing,2,77.55,14,1,0,1,237,0
S01320,Basic,Healthcare,1,44.72,7,1,10,0,45,1
S01321,Pro,Manufacturing,4,86.68,13,0,0,0,117,1
S01322,Basic,Retail,4,68.22,9,5,5,0,205,1
S01323,Pro,Retail,7,116.3,7,0,0,1,293,0
S01324,Basic,Retail,1,45.62,8,1,0,0,48,1
S01325,Basic,Retail,8,93.11,8,1,10,1,225,0
S01326,Pro,Healthcare,2,75.17,15,0,5,0,143,1
S01327,Enterprise,Healthcare,8,229.78,14,1,10,0,285,1
S01328,Basic,SaaS,3,55.54,3,1,20,0,105,1
S01329,Basic,Retail,2,50.26,9,1,10,1,141,1
S01330,Basic,SaaS,3,51.14,4,5,0,0,27,1
S01331,Pro,Healthcare,2,69.0,10,0,0,0,83,1
S01332,Enterprise,Manufacturing,12,266.89,18,1,0,1,263,0
S01333,Enterprise,Healthcare,16,251.85,19,0,0,0,215,0
S01334,Pro,Retail,2,69.13,7,0,10,0,120,1
S01335,Basic,Healthcare,4,75.0,6,2,10,0,238,1
S01336,Basic,Healthcare,6,90.97,8,4,5,0,22,1
S01337,Pro,SaaS,5,87.52,15,0,0,1,44,1
S01338,Enterprise,SaaS,3,203.87,11,1,10,1,2,1
S01339,Enterprise,Healthcare,9,228.63,11,0,10,0,189,0
S01340,Basic,Healthcare,1,44.94,6,3,20,1,226,0
S01341,Enterprise,SaaS,7,241.02,19,0,20,1,248,1
S01342,Basic,Retail,3,58.3,6,3,20,0,129,1
S01343,Enterprise,Retail,8,220.7,9,0,10,1,21,1
S01344,Enterprise,Manufacturing,2,188.25,11,1,0,0,345,0
S01345,Pro,Healthcare,6,108.3,18,1,20,1,344,0
S01346,Pro,Manufacturing,6,116.32,9,1,0,1,285,0
S01347,Pro,Retail,4,84.82,14,1,0,1,66,1
S01348,Basic,SaaS,8,80.48,4,2,0,0,38,1
S01349,Pro,Healthcare,4,90.24,16,0,10,1,331,0
S01350,Basic,Retail,7,78.02,3,2,20,1,116,1
S01351,Basic,Manufacturing,4,73.39,6,1,0,0,166,0
S01352,Pro,Retail,3,80.54,13,0,10,0,266,1
S01353,Pro,SaaS,15,142.44,14,0,0,1,304,1
S01354,Basic,Retail,4,64.4,5,4,20,0,100,1
S01355,Pro,Manufacturing,6,89.84,12,1,5,1,206,1
S01356,Basic,SaaS,3,64.73,4,1,20,1,185,0
S01357,Basic,Retail,4,75.38,4,1,20,0,207,0
S01358,Basic,Retail,6,86.24,5,1,20,0,264,0
S01359,Basic,Retail,3,51.61,9,9,10,0,61,1
S01360,Basic,Manufacturing,4,67.6,3,4,5,1,55,1
S01361,Basic,Manufacturing,4,69.5,9,1,0,1,242,1
S01362,Basic,Manufacturing,2,52.92,7,3,20,1,189,0
S01363,Enterprise,SaaS,11,251.29,18,1,0,1,225,0
S01364,Enterprise,SaaS,8,230.1,9,0,0,0,45,1
S01365,Enterprise,Healthcare,12,238.26,14,0,0,1,356,0
S01366,Basic,SaaS,9,98.93,14,3,0,0,344,0
S01367,Pro,Retail,3,77.88,8,0,0,1,178,1
S01368,Basic,Manufacturing,4,72.42,9,3,5,0,74,1
S01369,Enterprise,Retail,4,214.96,13,0,10,0,131,1
S01370,Basic,Healthcare,5,70.82,13,1,0,0,306,1
S01371,Basic,Healthcare,4,61.98,5,4,20,1,136,1
S01372,Pro,Healthcare,3,84.85,8,1,0,1,233,1
S01373,Enterprise,Healthcare,12,280.0,17,1,5,1,350,1
S01374,Basic,Retail,8,101.87,8,3,5,0,31,1
S01375,Basic,SaaS,2,53.0,8,3,5,1,146,1
S01376,Pro,SaaS,3,87.54,7,1,0,0,201,0
S01377,Pro,Manufacturing,2,74.54,12,4,10,1,135,1
S01378,Pro,SaaS,3,80.12,8,0,0,0,70,1
S01379,Pro,SaaS,5,86.32,11,0,0,1,169,0
S01380,Pro,Retail,3,74.63,10,1,20,1,256,0
S01381,Pro,Healthcare,6,108.19,15,0,5,0,215,0
S01382,Basic,Healthcare,5,63.75,2,1,5,0,129,1
S01383,Enterprise,Retail,8,254.65,12,1,5,1,213,0
S01384,Basic,SaaS,4,76.96,4,4,0,0,24,1
S01385,Basic,Manufacturing,6,94.08,4,3,10,1,14,1
S01386,Basic,Manufacturing,4,69.86,8,1,0,0,193,1
S01387,Basic,Retail,13,120.67,5,3,20,0,96,1
S01388,Pro,Manufacturing,2,78.43,9,0,0,0,227,0
S01389,Pro,SaaS,5,101.87,12,1,20,1,225,0
S01390,Basic,SaaS,2,56.05,8,4,0,0,280,0
S01391,Basic,SaaS,2,57.5,6,3,0,0,141,1
S01392,Pro,Healthcare,3,78.63,14,3,5,1,331,0
S01393,Basic,Retail,3,51.61,6,0,0,1,290,0
S01394,Pro,Healthcare,6,90.02,9,0,10,0,284,0
S01395,Pro,Healthcare,5,100.23,11,1,0,0,214,0
S01396,Basic,Manufacturing,1,47.0,5,4,0,1,25,1
S01397,Basic,Manufacturing,4,59.57,9,1,10,0,253,0
S01398,Pro,SaaS,2,76.74,13,0,10,1,322,0
S01399,Basic,Retail,2,52.73,4,1,20,0,190,1
S01400,Basic,Healthcare,2,52.73,9,2,0,1,26,1
S01401,Basic,Healthcare,3,65.89,6,3,20,1,232,0
S01402,Basic,Manufacturing,2,55.45,6,2,10,0,117,1
S01403,Basic,Manufacturing,10,114.14,7,2,5,0,186,0
S01404,Pro,Healthcare,4,77.05,8,2,0,0,328,1
S01405,Basic,Manufacturing,12,148.1,7,1,0,0,153,1
S01406,Pro,SaaS,6,107.63,12,2,0,0,20,1
S01407,Pro,SaaS,4,96.99,6,0,0,0,221,1
S01408,Basic,Manufacturing,4,76.23,8,0,10,1,340,0
S01409,Basic,Healthcare,4,67.22,6,3,10,0,76,1
S01410,Basic,Healthcare,4,68.52,6,1,0,0,113,1
S01411,Pro,Healthcare,1,68.0,13,1,0,0,101,1
S01412,Basic,Manufacturing,3,55.81,12,3,5,0,168,1
S01413,Pro,Healthcare,6,92.11,8,0,0,1,221,0
S01414,Basic,Healthcare,9,88.85,5,1,5,0,338,0
S01415,Pro,SaaS,6,114.71,9,2,20,1,211,0
S01416,Pro,SaaS,4,87.05,10,0,10,0,130,1
S01417,Basic,Healthcare,3,53.84,7,2,5,0,2,1
S01418,Basic,SaaS,3,55.31,9,0,0,0,254,0
S01419,Basic,Manufacturing,5,79.72,7,2,10,0,187,1
S01420,Basic,Manufacturing,5,60.12,10,0,10,1,244,0
S01421,Enterprise,Manufacturing,7,228.82,12,0,20,0,216,1
S01422,Enterprise,SaaS,4,214.46,14,1,20,1,235,0
S01423,Enterprise,SaaS,14,303.25,10,0,0,1,172,0
S01424,Basic,Manufacturing,6,73.05,3,3,5,0,172,1
S01425,Basic,SaaS,7,78.35,9,4,0,1,72,1
S01426,Enterprise,Retail,2,190.38,12,0,10,0,357,0
S01427,Basic,Manufacturing,3,54.83,4,0,0,0,122,1
S01428,Enterprise,Retail,2,194.89,14,1,0,1,360,0
S01429,Basic,Healthcare,5,77.29,7,3,10,0,80,1
S01430,Basic,Manufacturing,6,91.67,5,2,10,0,163,1
S01431,Pro,Healthcare,3,79.43,24,1,0,1,292,0
S01432,Pro,Retail,3,80.6,10,0,10,1,282,0
S01433,Enterprise,Retail,7,220.04,14,0,30,1,200,0
S01434,Basic,Retail,5,80.07,10,2,0,0,252,0
S01435,Pro,SaaS,1,68.87,9,0,0,0,64,1
S01436,Basic,Retail,2,47.58,5,0,5,1,273,0
S01437,Pro,Healthcare,2,78.82,14,1,10,0,196,0
S01438,Pro,Manufacturing,4,94.57,13,0,0,0,270,0
S01439,Basic,Retail,4,70.24,7,2,30,0,36,1
S01440,Basic,Healthcare,2,52.91,8,3,0,0,138,1
S01441,Pro,Manufacturing,4,81.5,6,0,0,1,272,0
S01442,Basic,Healthcare,6,77.92,10,1,20,0,192,1
S01443,Basic,Manufacturing,2,51.73,10,0,10,0,215,0
S01444,Pro,Manufacturing,10,126.9,11,0,0,0,284,0
S01445,Enterprise,Healthcare,17,280.03,19,2,0,1,196,0
S01446,Basic,SaaS,3,62.93,9,2,30,0,336,1
S01447,Pro,SaaS,3,80.29,12,1,0,0,245,0
S01448,Pro,Retail,5,83.76,11,2,0,1,335,0
S01449,Enterprise,Retail,4,199.31,14,1,0,0,178,0
S01450,Basic,SaaS,2,57.73,1,3,10,1,74,1
S01451,Enterprise,Manufacturing,7,217.92,8,0,10,1,169,0
S01452,Pro,Healthcare,2,73.45,13,1,0,1,72,1
S01453,Pro,Retail,1,69.53,13,1,10,0,272,0
S01454,Basic,Retail,3,51.14,13,0,20,0,182,0
S01455,Enterprise,Manufacturing,5,220.12,11,0,5,0,258,0
S01456,Enterprise,Manufacturing,12,279.45,13,2,5,0,181,0
S01457,Pro,SaaS,7,113.65,8,0,5,1,72,1
S01458,Basic,Healthcare,6,92.54,8,2,0,0,109,1
S01459,Pro,SaaS,2,71.53,9,1,10,0,206,1
S01460,Pro,Retail,5,92.36,7,2,5,1,356,0
S01461,Basic,Retail,4,72.81,11,1,5,0,187,0
S01462,Pro,SaaS,4,83.71,13,0,20,0,223,0
S01463,Basic,Retail,1,46.41,10,0,10,1,222,0
S01464,Basic,SaaS,3,55.88,5,3,5,0,14,1
S01465,Pro,Manufacturing,6,89.92,10,0,10,1,324,0
S01466,Pro,SaaS,6,104.98,18,1,0,0,22,1
S01467,Basic,SaaS,5,85.49,5,1,0,0,115,1
S01468,Pro,Manufacturing,3,87.16,10,0,5,0,253,0
S01469,Basic,Healthcare,7,80.01,14,2,0,0,23,1
S01470,Pro,Healthcare,3,79.63,14,1,10,1,235,1
S01471,Basic,Healthcare,2,55.88,7,3,0,1,6,1
S01472,Basic,SaaS,3,58.4,6,1,0,1,240,1
S01473,Basic,Healthcare,6,67.65,8,2,0,0,188,1
S01474,Pro,SaaS,3,88.53,14,3,20,1,345,0
S01475,Basic,Retail,5,65.77,4,0,0,0,36,1
S01476,Pro,Healthcare,5,106.21,10,0,0,1,232,0
S01477,Basic,Healthcare,2,56.7,9,1,20,0,23,1
S01478,Basic,Manufacturing,3,61.69,9,1,20,1,232,0
S01479,Basic,Manufacturing,3,65.54,6,1,5,1,168,0
S01480,Pro,Retail,1,65.89,12,1,5,1,218,0
S01481,Basic,Healthcare,14,137.42,7,1,20,1,358,0
S01482,Basic,SaaS,7,68.0,5,3,20,1,279,0
S01483,Pro,Healthcare,6,106.31,13,1,10,0,149,1
S01484,Basic,Manufacturing,5,65.29,5,1,5,0,218,1
S01485,Enterprise,Manufacturing,14,260.61,20,0,20,1,234,0
S01486,Enterprise,Retail,5,208.32,16,0,0,1,282,0
S01487,Basic,Retail,3,65.94,11,1,0,0,113,1
S01488,Pro,Healthcare,5,99.92,12,1,20,1,249,1
S01489,Basic,Healthcare,10,96.63,4,1,0,0,17,1
S01490,Pro,Manufacturing,6,114.1,8,1,0,0,122,1
S01491,Pro,Retail,4,88.48,8,2,0,0,150,0
S01492,Basic,Retail,11,98.22,8,2,0,0,45,1
S01493,Basic,Retail,4,61.36,5,1,20,0,343,0
S01494,Basic,Healthcare,3,53.42,6,2,0,0,78,1
S01495,Pro,Retail,4,88.02,10,1,0,0,273,1
S01496,Basic,Retail,3,60.51,8,4,10,0,61,1
S01497,Basic,Retail,5,77.06,6,1,20,0,186,0
S01498,Basic,Healthcare,2,55.16,11,1,5,0,55,1
S01499,Pro,Healthcare,3,85.15,13,0,5,0,305,0
S01500,Basic,Healthcare,3,53.75,9,5,5,1,190,0
S01501,Enterprise,Retail,4,197.91,17,2,0,1,84,1
S01502,Enterprise,SaaS,10,233.22,19,0,0,1,151,0
S01503,Pro,Healthcare,22,164.7,12,1,20,0,316,0
S01504,Pro,Healthcare,4,94.79,8,0,20,1,222,1
S01505,Enterprise,Healthcare,3,196.27,13,0,5,1,190,0
S01506,Pro,Manufacturing,9,99.78,11,1,10,0,187,1
S01507,Pro,SaaS,4,97.49,16,2,10,1,252,0
S01508,Pro,Healthcare,4,87.35,13,0,10,0,140,1
S01509,Basic,Manufacturing,3,52.06,10,1,10,1,207,1
S01510,Enterprise,Retail,9,252.8,17,2,5,0,295,0
S01511,Enterprise,Healthcare,11,223.28,11,0,0,1,283,1
S01512,Pro,Manufacturing,4,98.52,12,0,5,1,143,1
S01513,Pro,Manufacturing,2,72.41,12,0,0,0,355,0
S01514,Basic,Manufacturing,4,76.69,5,2,20,0,266,0
S01515,Basic,Retail,3,66.26,7,0,20,0,63,1
S01516,Basic,Manufacturing,6,95.6,3,2,0,1,3,1
S01517,Pro,Manufacturing,3,82.82,12,0,10,1,339,0
S01518,Pro,SaaS,4,77.6,9,1,10,0,144,1
S01519,Pro,Manufacturing,3,83.6,10,0,0,1,259,0
S01520,Pro,Healthcare,4,85.65,9,3,5,0,79,1
S01521,Basic,Healthcare,3,63.68,9,2,5,0,8,1
S01522,Pro,Healthcare,8,109.13,12,0,10,0,154,0
S01523,Pro,Retail,9,122.04,10,1,30,1,195,0
S01524,Pro,SaaS,5,93.02,10,2,5,1,149,1
S01525,Basic,Retail,2,56.28,9,0,0,0,42,1
S01526,Basic,Retail,2,52.31,4,3,10,0,69,1
S01527,Enterprise,Retail,9,226.89,21,1,5,1,352,0
S01528,Pro,Manufacturing,5,82.03,15,0,10,1,265,0
S01529,Pro,Retail,4,89.65,18,0,20,1,164,0
S01530,Basic,Manufacturing,2,56.44,4,2,10,1,255,0
S01531,Enterprise,Manufacturing,10,252.87,12,0,0,0,187,1
S01532,Basic,Healthcare,2,53.59,6,2,0,0,36,1
S01533,Basic,Retail,2,55.8,4,4,10,0,108,1
S01534,Basic,Healthcare,5,83.81,8,0,0,0,3,1
S01535,Pro,Healthcare,3,78.18,17,1,30,1,334,0
S01536,Basic,Healthcare,4,70.8,5,1,20,0,241,0
S01537,Pro,SaaS,4,87.69,11,0,0,0,188,1
S01538,Pro,Healthcare,3,76.84,17,1,0,0,152,0
S01539,Basic,Manufacturing,2,53.44,8,1,0,1,170,0
S01540,Enterprise,Healthcare,10,236.27,18,0,10,0,198,0
S01541,Basic,Healthcare,5,67.91,11,0,0,1,325,0
S01542,Pro,Retail,7,118.96,12,1,20,1,166,0
S01543,Pro,SaaS,5,105.81,11,0,0,1,172,0
S01544,Enterprise,Healthcare,3,206.99,12,0,0,1,151,0
S01545,Pro,Manufacturing,2,75.57,9,1,0,1,159,0
S01546,Pro,Manufacturing,4,77.59,8,1,10,0,225,0
S01547,Basic,Healthcare,2,52.0,5,3,10,0,65,1
S01548,Basic,SaaS,5,82.68,10,1,0,0,231,1
S01549,Basic,Manufacturing,4,74.07,7,0,0,0,64,1
S01550,Enterprise,Manufacturing,5,217.54,17,0,5,1,349,0
S01551,Basic,Retail,14,99.3,10,1,0,0,111,1
S01552,Pro,Retail,5,84.55,15,3,0,1,319,0
S01553,Pro,SaaS,7,106.7,13,2,10,0,225,0
S01554,Pro,SaaS,6,96.5,9,1,0,0,247,1
S01555,Enterprise,Retail,5,225.27,11,1,0,1,225,0
S01556,Pro,SaaS,5,91.15,23,1,0,1,230,0
S01557,Basic,Healthcare,3,62.86,5,1,5,0,20,1
S01558,Pro,Healthcare,6,96.25,12,1,20,1,267,0
S01559,Pro,Retail,7,107.41,13,1,10,0,233,1
S01560,Basic,Healthcare,5,74.34,5,5,20,1,70,1
S01561,Pro,SaaS,5,106.77,14,1,0,1,300,0
S01562,Enterprise,Healthcare,13,267.95,12,2,10,0,170,0
S01563,Enterprise,Healthcare,3,204.9,17,1,5,0,154,0
S01564,Basic,Healthcare,4,65.76,12,2,5,0,25,1
S01565,Enterprise,Retail,4,212.0,14,1,5,1,184,0
S01566,Pro,Retail,4,83.07,10,0,0,1,215,0
S01567,Basic,Manufacturing,4,63.15,3,2,0,0,76,1
S01568,Pro,Manufacturing,5,99.19,9,2,0,1,209,0
S01569,Basic,Retail,6,91.12,8,2,20,0,185,0
S01570,Enterprise,Retail,6,222.51,14,0,10,1,167,0
S01571,Pro,Healthcare,2,79.47,15,1,0,0,171,0
S01572,Basic,SaaS,3,67.12,2,1,5,0,48,1
S01573,Pro,Healthcare,2,78.43,9,1,10,1,311,0
S01574,Basic,SaaS,4,56.6,9,2,0,0,61,1
S01575,Basic,Manufacturing,2,53.19,8,2,0,1,16,1
S01576,Enterprise,Manufacturing,5,203.58,15,0,0,1,248,0
S01577,Pro,Manufacturing,2,70.04,14,1,0,1,159,1
S01578,Basic,Manufacturing,6,68.97,10,0,0,0,213,1
S01579,Basic,SaaS,3,51.8,2,2,30,1,145,1
S01580,Pro,Retail,2,72.28,19,1,0,1,239,0
S01581,Basic,Healthcare,2,51.95,8,2,0,0,177,0
S01582,Basic,SaaS,2,52.45,11,0,20,0,195,1
S01583,Basic,Manufacturing,4,60.8,8,0,0,1,318,0
S01584,Pro,Manufacturing,2,76.94,13,3,0,1,186,0
S01585,Pro,SaaS,4,95.5,15,4,0,1,312,0
S01586,Basic,Healthcare,3,57.12,13,1,5,1,328,1
S01587,Enterprise,SaaS,5,216.76,20,2,0,1,87,1
S01588,Basic,Retail,3,56.43,8,4,30,0,238,0
S01589,Basic,Retail,2,56.11,3,1,0,1,168,0
S01590,Basic,Retail,8,79.23,10,4,10,0,14,1
S01591,Basic,Retail,2,54.22,9,4,0,0,76,1
S01592,Pro,Manufacturing,6,108.88,10,1,5,1,209,0
S01593,Pro,Healthcare,7,95.9,9,1,5,1,318,0
S01594,Basic,SaaS,5,60.19,13,1,5,1,260,0
S01595,Pro,Healthcare,2,78.31,9,1,5,1,347,0
S01596,Basic,Manufacturing,2,52.32,8,0,0,0,302,0
S01597,Pro,Healthcare,4,78.55,9,1,0,1,186,0
S01598,Pro,Retail,4,96.39,12,2,0,1,16,1
S01599,Basic,Retail,2,50.52,6,2,20,0,171,1
S01600,Basic,Manufacturing,4,68.96,8,3,0,1,23,1
